time,latitude,longitude,altitude
2020-04-22 21:42:10+00:00,41.724335,-87.973439,206.2
2020-04-22 21:42:11+00:00,41.724314,-87.973462,206.1
2020-04-22 21:42:12+00:00,41.724301,-87.973484,206.1
2020-04-22 21:42:13+00:00,41.724288,-87.973507,206.0
2020-04-22 21:42:14+00:00,41.724264,-87.973549,205.9
2020-04-22 21:42:15+00:00,41.724241,-87.973594,205.8
2020-04-22 21:42:16+00:00,41.724218,-87.973643,205.7
2020-04-22 21:42:17+00:00,41.724195,-87.973692,205.6
2020-04-22 21:42:18+00:00,41.724173,-87.973738,205.6
2020-04-22 21:42:19+00:00,41.72415,-87.973782,205.3
2020-04-22 21:42:20+00:00,41.724127,-87.973817,205.4
2020-04-22 21:42:21+00:00,41.724105,-87.973841,205.4
2020-04-22 21:42:22+00:00,41.724086,-87.973858,205.4
2020-04-22 21:42:23+00:00,41.724074,-87.973859,205.5
2020-04-22 21:42:24+00:00,41.724067,-87.973833,205.5
2020-04-22 21:42:25+00:00,41.724068,-87.973815,205.5
2020-04-22 21:42:26+00:00,41.724069,-87.973796,205.6
2020-04-22 21:42:27+00:00,41.724079,-87.973749,205.7
2020-04-22 21:42:28+00:00,41.72409,-87.973697,205.8
2020-04-22 21:42:29+00:00,41.724097,-87.973644,205.9
2020-04-22 21:42:30+00:00,41.724104,-87.973588,206.1
2020-04-22 21:42:31+00:00,41.72411,-87.973534,206.2
2020-04-22 21:42:32+00:00,41.724115,-87.973482,206.4
2020-04-22 21:42:33+00:00,41.72412,-87.973427,206.5
2020-04-22 21:42:34+00:00,41.724121,-87.973364,206.7
2020-04-22 21:42:35+00:00,41.724118,-87.973302,206.8
2020-04-22 21:42:36+00:00,41.724114,-87.973244,206.8
2020-04-22 21:42:37+00:00,41.724112,-87.973187,206.8
2020-04-22 21:42:38+00:00,41.724112,-87.973124,206.8
2020-04-22 21:42:39+00:00,41.724109,-87.973062,206.7
2020-04-22 21:42:40+00:00,41.724104,-87.973008,206.5
2020-04-22 21:42:41+00:00,41.724092,-87.972956,206.4
2020-04-22 21:42:42+00:00,41.724074,-87.972906,206.1
2020-04-22 21:42:43+00:00,41.724053,-87.972855,205.9
2020-04-22 21:42:44+00:00,41.724031,-87.972802,205.7
2020-04-22 21:42:45+00:00,41.724014,-87.972746,205.4
2020-04-22 21:42:46+00:00,41.724,-87.972692,205.2
2020-04-22 21:42:47+00:00,41.723987,-87.972637,205.0
2020-04-22 21:42:48+00:00,41.723972,-87.972578,204.7
2020-04-22 21:42:49+00:00,41.723955,-87.972514,204.5
2020-04-22 21:42:50+00:00,41.723941,-87.972454,204.3
2020-04-22 21:42:51+00:00,41.723928,-87.972401,204.1
2020-04-22 21:42:52+00:00,41.723913,-87.972352,204.0
2020-04-22 21:42:53+00:00,41.723897,-87.972303,203.9
2020-04-22 21:42:54+00:00,41.723879,-87.972251,203.7
2020-04-22 21:42:55+00:00,41.723866,-87.972203,203.7
2020-04-22 21:42:56+00:00,41.723856,-87.972155,203.6
2020-04-22 21:42:57+00:00,41.723846,-87.972107,203.5
2020-04-22 21:42:58+00:00,41.723837,-87.972059,203.5
2020-04-22 21:42:59+00:00,41.723826,-87.972004,203.4
2020-04-22 21:43:00+00:00,41.723817,-87.971947,203.4
2020-04-22 21:43:01+00:00,41.72381,-87.971894,203.3
2020-04-22 21:43:02+00:00,41.723808,-87.971842,203.3
2020-04-22 21:43:03+00:00,41.723809,-87.971788,203.2
2020-04-22 21:43:04+00:00,41.723811,-87.971733,203.1
2020-04-22 21:43:05+00:00,41.723813,-87.971677,203.1
2020-04-22 21:43:06+00:00,41.723814,-87.971618,203.0
2020-04-22 21:43:07+00:00,41.723812,-87.971555,203.0
2020-04-22 21:43:08+00:00,41.723806,-87.971494,202.9
2020-04-22 21:43:09+00:00,41.723793,-87.971436,202.9
2020-04-22 21:43:10+00:00,41.723777,-87.97138,202.9
2020-04-22 21:43:11+00:00,41.72376,-87.971329,202.9
2020-04-22 21:43:12+00:00,41.723745,-87.971276,202.9
2020-04-22 21:43:13+00:00,41.723735,-87.971219,202.9
2020-04-22 21:43:14+00:00,41.723732,-87.971165,202.9
2020-04-22 21:43:15+00:00,41.723739,-87.971115,202.9
2020-04-22 21:43:16+00:00,41.723751,-87.971072,202.9
2020-04-22 21:43:17+00:00,41.723765,-87.971027,202.9
2020-04-22 21:43:18+00:00,41.723776,-87.970979,202.9
2020-04-22 21:43:19+00:00,41.723775,-87.970934,203.0
2020-04-22 21:43:20+00:00,41.723761,-87.970898,203.0
2020-04-22 21:43:21+00:00,41.723731,-87.970871,203.0
2020-04-22 21:43:22+00:00,41.723694,-87.970853,203.1
2020-04-22 21:43:23+00:00,41.723657,-87.97084,203.1
2020-04-22 21:43:24+00:00,41.723619,-87.970827,203.1
2020-04-22 21:43:25+00:00,41.723583,-87.970814,203.1
2020-04-22 21:43:26+00:00,41.723547,-87.970801,203.1
2020-04-22 21:43:27+00:00,41.72351,-87.970788,203.1
2020-04-22 21:43:28+00:00,41.723474,-87.970777,203.1
2020-04-22 21:43:29+00:00,41.72344,-87.970765,203.1
2020-04-22 21:43:30+00:00,41.723413,-87.970754,203.1
2020-04-22 21:43:31+00:00,41.723396,-87.97072,203.2
2020-04-22 21:43:32+00:00,41.723394,-87.970704,203.2
2020-04-22 21:43:33+00:00,41.723415,-87.970663,203.2
2020-04-22 21:43:34+00:00,41.72345,-87.970629,203.2
2020-04-22 21:43:35+00:00,41.723491,-87.970605,203.2
2020-04-22 21:43:36+00:00,41.723533,-87.970585,203.2
2020-04-22 21:43:37+00:00,41.723575,-87.970565,203.2
2020-04-22 21:43:38+00:00,41.723614,-87.970548,203.2
2020-04-22 21:43:39+00:00,41.72365,-87.970531,203.2
2020-04-22 21:43:40+00:00,41.723685,-87.970512,203.2
2020-04-22 21:43:41+00:00,41.723716,-87.970491,203.3
2020-04-22 21:43:42+00:00,41.723745,-87.970475,203.3
2020-04-22 21:43:43+00:00,41.723772,-87.970459,203.3
2020-04-22 21:43:44+00:00,41.723802,-87.970443,203.4
2020-04-22 21:43:45+00:00,41.723831,-87.970427,203.4
2020-04-22 21:43:46+00:00,41.723866,-87.970413,203.5
2020-04-22 21:43:47+00:00,41.723905,-87.970399,203.5
2020-04-22 21:43:48+00:00,41.723944,-87.970386,203.6
2020-04-22 21:43:49+00:00,41.724013,-87.970383,203.7
2020-04-22 21:43:50+00:00,41.724047,-87.970353,203.8
2020-04-22 21:43:51+00:00,41.72409,-87.970323,203.9
2020-04-22 21:43:52+00:00,41.724121,-87.970313,203.9
2020-04-22 21:43:53+00:00,41.72416,-87.97031,203.9
2020-04-22 21:43:54+00:00,41.724173,-87.97031,204.0
2020-04-22 21:43:55+00:00,41.724206,-87.970312,204.0
2020-04-22 21:43:56+00:00,41.724235,-87.97031,204.0
2020-04-22 21:43:57+00:00,41.724264,-87.970306,204.1
2020-04-22 21:43:58+00:00,41.724291,-87.970301,204.1
2020-04-22 21:43:59+00:00,41.724327,-87.970299,204.1
2020-04-22 21:44:00+00:00,41.724341,-87.970299,204.1
2020-04-22 21:44:01+00:00,41.724377,-87.970298,204.2
2020-04-22 21:44:02+00:00,41.724413,-87.970294,204.2
2020-04-22 21:44:03+00:00,41.724449,-87.970283,204.2
2020-04-22 21:44:04+00:00,41.72448,-87.970265,204.3
2020-04-22 21:44:05+00:00,41.724511,-87.970244,204.3
2020-04-22 21:44:06+00:00,41.724544,-87.970222,204.3
2020-04-22 21:44:07+00:00,41.724577,-87.970199,204.4
2020-04-22 21:44:08+00:00,41.724609,-87.970172,204.4
2020-04-22 21:44:09+00:00,41.724638,-87.970139,204.4
2020-04-22 21:44:10+00:00,41.724663,-87.970105,204.5
2020-04-22 21:44:11+00:00,41.724686,-87.970069,204.5
2020-04-22 21:44:12+00:00,41.724706,-87.97003,204.6
2020-04-22 21:44:13+00:00,41.724724,-87.969986,204.6
2020-04-22 21:44:14+00:00,41.724745,-87.969941,204.7
2020-04-22 21:44:15+00:00,41.724762,-87.969897,204.8
2020-04-22 21:44:16+00:00,41.724777,-87.969853,204.8
2020-04-22 21:44:17+00:00,41.724789,-87.96981,204.9
2020-04-22 21:44:18+00:00,41.7248,-87.969768,205.0
2020-04-22 21:44:19+00:00,41.72481,-87.969726,205.1
2020-04-22 21:44:20+00:00,41.72482,-87.969685,205.2
2020-04-22 21:44:21+00:00,41.724828,-87.969647,205.3
2020-04-22 21:44:22+00:00,41.724836,-87.969604,205.4
2020-04-22 21:44:23+00:00,41.724838,-87.969589,205.4
2020-04-22 21:44:24+00:00,41.724844,-87.969553,205.5
2020-04-22 21:44:25+00:00,41.724853,-87.969511,205.7
2020-04-22 21:44:26+00:00,41.72486,-87.969465,205.8
2020-04-22 21:44:27+00:00,41.72487,-87.969418,205.9
2020-04-22 21:44:28+00:00,41.724877,-87.969374,206.1
2020-04-22 21:44:29+00:00,41.724886,-87.969338,206.2
2020-04-22 21:44:30+00:00,41.724894,-87.969302,206.3
2020-04-22 21:44:31+00:00,41.724903,-87.969253,206.4
2020-04-22 21:44:32+00:00,41.724905,-87.969237,206.5
2020-04-22 21:44:33+00:00,41.724913,-87.9692,206.6
2020-04-22 21:44:34+00:00,41.724921,-87.969158,206.7
2020-04-22 21:44:35+00:00,41.724929,-87.969113,206.8
2020-04-22 21:44:36+00:00,41.724936,-87.969066,206.9
2020-04-22 21:44:37+00:00,41.724944,-87.969018,207.0
2020-04-22 21:44:38+00:00,41.724951,-87.968971,207.1
2020-04-22 21:44:39+00:00,41.72496,-87.968927,207.2
2020-04-22 21:44:40+00:00,41.724968,-87.968886,207.2
2020-04-22 21:44:41+00:00,41.724978,-87.968845,207.3
2020-04-22 21:44:42+00:00,41.724988,-87.968803,207.4
2020-04-22 21:44:43+00:00,41.724998,-87.968762,207.5
2020-04-22 21:44:44+00:00,41.725009,-87.968722,207.6
2020-04-22 21:44:45+00:00,41.725017,-87.968687,207.7
2020-04-22 21:44:46+00:00,41.725024,-87.968651,207.7
2020-04-22 21:44:47+00:00,41.725033,-87.968608,207.8
2020-04-22 21:44:48+00:00,41.725043,-87.968561,207.9
2020-04-22 21:44:49+00:00,41.725057,-87.968519,208.0
2020-04-22 21:44:50+00:00,41.725074,-87.968472,208.1
2020-04-22 21:44:51+00:00,41.725096,-87.968429,208.2
2020-04-22 21:44:52+00:00,41.725118,-87.968398,208.2
2020-04-22 21:44:53+00:00,41.725147,-87.968376,208.3
2020-04-22 21:44:54+00:00,41.725181,-87.968361,208.4
2020-04-22 21:44:55+00:00,41.725216,-87.968354,208.5
2020-04-22 21:44:56+00:00,41.725254,-87.968346,208.7
2020-04-22 21:44:57+00:00,41.725291,-87.968336,208.8
2020-04-22 21:44:58+00:00,41.725325,-87.968326,208.9
2020-04-22 21:44:59+00:00,41.725357,-87.968315,209.0
2020-04-22 21:45:00+00:00,41.725387,-87.968307,209.2
2020-04-22 21:45:01+00:00,41.725419,-87.968299,209.3
2020-04-22 21:45:02+00:00,41.725452,-87.968291,209.4
2020-04-22 21:45:03+00:00,41.725485,-87.968279,209.6
2020-04-22 21:45:04+00:00,41.725517,-87.968263,209.7
2020-04-22 21:45:05+00:00,41.725546,-87.968241,209.8
2020-04-22 21:45:06+00:00,41.725571,-87.968213,210.0
2020-04-22 21:45:07+00:00,41.725593,-87.968178,210.1
2020-04-22 21:45:08+00:00,41.725604,-87.968138,210.3
2020-04-22 21:45:09+00:00,41.725604,-87.968091,210.4
2020-04-22 21:45:10+00:00,41.725595,-87.968042,210.5
2020-04-22 21:45:11+00:00,41.725576,-87.968003,210.7
2020-04-22 21:45:12+00:00,41.72555,-87.967973,210.8
2020-04-22 21:45:13+00:00,41.725517,-87.967956,210.9
2020-04-22 21:45:14+00:00,41.725481,-87.967947,210.9
2020-04-22 21:45:15+00:00,41.725441,-87.967941,211.0
2020-04-22 21:45:16+00:00,41.725401,-87.967933,211.1
2020-04-22 21:45:17+00:00,41.725363,-87.96793,211.2
2020-04-22 21:45:18+00:00,41.725327,-87.96793,211.2
2020-04-22 21:45:19+00:00,41.725294,-87.967931,211.3
2020-04-22 21:45:20+00:00,41.725259,-87.967933,211.4
2020-04-22 21:45:21+00:00,41.725223,-87.967932,211.4
2020-04-22 21:45:22+00:00,41.725186,-87.967932,211.5
2020-04-22 21:45:23+00:00,41.725151,-87.967929,211.6
2020-04-22 21:45:24+00:00,41.725119,-87.967924,211.7
2020-04-22 21:45:25+00:00,41.725091,-87.967917,211.8
2020-04-22 21:45:26+00:00,41.725063,-87.967909,211.8
2020-04-22 21:45:27+00:00,41.725035,-87.967898,211.9
2020-04-22 21:45:28+00:00,41.725008,-87.967887,212.0
2020-04-22 21:45:29+00:00,41.724978,-87.967874,212.1
2020-04-22 21:45:30+00:00,41.72495,-87.967865,212.1
2020-04-22 21:45:31+00:00,41.724917,-87.967866,212.2
2020-04-22 21:45:32+00:00,41.724881,-87.967873,212.4
2020-04-22 21:45:33+00:00,41.724849,-87.967876,212.5
2020-04-22 21:45:34+00:00,41.72482,-87.967872,212.6
2020-04-22 21:45:35+00:00,41.724792,-87.96786,212.7
2020-04-22 21:45:36+00:00,41.724762,-87.967848,212.8
2020-04-22 21:45:37+00:00,41.72473,-87.967833,212.9
2020-04-22 21:45:38+00:00,41.724702,-87.967819,213.0
2020-04-22 21:45:39+00:00,41.724674,-87.967803,213.1
2020-04-22 21:45:40+00:00,41.724643,-87.967785,213.2
2020-04-22 21:45:41+00:00,41.724615,-87.967769,213.3
2020-04-22 21:45:42+00:00,41.724587,-87.967755,213.4
2020-04-22 21:45:43+00:00,41.724558,-87.967745,213.4
2020-04-22 21:45:44+00:00,41.724527,-87.967736,213.5
2020-04-22 21:45:45+00:00,41.724496,-87.967732,213.6
2020-04-22 21:45:46+00:00,41.724465,-87.967732,213.7
2020-04-22 21:45:47+00:00,41.724432,-87.967735,213.8
2020-04-22 21:45:48+00:00,41.724397,-87.967738,213.9
2020-04-22 21:45:49+00:00,41.724365,-87.967739,214.0
2020-04-22 21:45:50+00:00,41.724329,-87.967734,214.1
2020-04-22 21:45:51+00:00,41.724293,-87.967728,214.1
2020-04-22 21:45:52+00:00,41.724256,-87.967714,214.2
2020-04-22 21:45:53+00:00,41.724218,-87.967696,214.3
2020-04-22 21:45:54+00:00,41.724185,-87.967679,214.4
2020-04-22 21:45:55+00:00,41.72415,-87.967666,214.5
2020-04-22 21:45:56+00:00,41.724115,-87.967656,214.6
2020-04-22 21:45:57+00:00,41.724081,-87.967645,214.7
2020-04-22 21:45:58+00:00,41.724048,-87.967637,214.7
2020-04-22 21:45:59+00:00,41.724019,-87.967629,214.8
2020-04-22 21:46:00+00:00,41.723982,-87.967615,214.9
2020-04-22 21:46:01+00:00,41.723969,-87.967611,214.9
2020-04-22 21:46:02+00:00,41.723942,-87.967603,215.0
2020-04-22 21:46:03+00:00,41.723914,-87.967598,215.0
2020-04-22 21:46:04+00:00,41.723886,-87.967593,215.1
2020-04-22 21:46:05+00:00,41.723856,-87.967588,215.1
2020-04-22 21:46:06+00:00,41.723822,-87.967583,215.2
2020-04-22 21:46:07+00:00,41.723789,-87.967579,215.2
2020-04-22 21:46:08+00:00,41.723751,-87.967574,215.3
2020-04-22 21:46:09+00:00,41.723711,-87.967569,215.3
2020-04-22 21:46:10+00:00,41.723676,-87.967563,215.3
2020-04-22 21:46:11+00:00,41.723639,-87.967559,215.3
2020-04-22 21:46:12+00:00,41.723601,-87.967556,215.3
2020-04-22 21:46:13+00:00,41.723564,-87.967551,215.2
2020-04-22 21:46:14+00:00,41.723532,-87.967545,215.2
2020-04-22 21:46:15+00:00,41.723506,-87.967537,215.1
2020-04-22 21:46:16+00:00,41.723476,-87.967531,215.1
2020-04-22 21:46:17+00:00,41.72344,-87.967526,215.0
2020-04-22 21:46:18+00:00,41.723405,-87.967523,214.9
2020-04-22 21:46:19+00:00,41.723371,-87.96752,214.8
2020-04-22 21:46:20+00:00,41.723342,-87.967516,214.8
2020-04-22 21:46:21+00:00,41.723314,-87.967512,214.7
2020-04-22 21:46:22+00:00,41.723285,-87.96751,214.7
2020-04-22 21:46:23+00:00,41.723244,-87.967513,214.6
2020-04-22 21:46:24+00:00,41.723229,-87.967514,214.6
2020-04-22 21:46:25+00:00,41.723192,-87.967518,214.5
2020-04-22 21:46:26+00:00,41.723155,-87.96752,214.5
2020-04-22 21:46:27+00:00,41.723122,-87.967521,214.4
2020-04-22 21:46:28+00:00,41.723089,-87.967521,214.3
2020-04-22 21:46:29+00:00,41.723057,-87.967521,214.3
2020-04-22 21:46:30+00:00,41.723022,-87.967524,214.2
2020-04-22 21:46:31+00:00,41.722987,-87.967525,214.1
2020-04-22 21:46:32+00:00,41.722954,-87.967527,214.0
2020-04-22 21:46:33+00:00,41.722923,-87.967527,214.0
2020-04-22 21:46:34+00:00,41.722894,-87.967527,213.9
2020-04-22 21:46:35+00:00,41.722864,-87.967521,213.8
2020-04-22 21:46:36+00:00,41.722834,-87.96751,213.8
2020-04-22 21:46:37+00:00,41.722805,-87.967498,213.8
2020-04-22 21:46:38+00:00,41.722777,-87.967492,213.7
2020-04-22 21:46:39+00:00,41.722741,-87.96749,213.4
2020-04-22 21:46:40+00:00,41.722699,-87.967493,213.2
2020-04-22 21:46:41+00:00,41.72266,-87.967493,213.0
2020-04-22 21:46:42+00:00,41.722622,-87.967489,212.8
2020-04-22 21:46:43+00:00,41.722586,-87.967484,212.7
2020-04-22 21:46:44+00:00,41.722549,-87.967476,212.5
2020-04-22 21:46:45+00:00,41.722512,-87.967465,212.4
2020-04-22 21:46:46+00:00,41.722478,-87.96745,212.3
2020-04-22 21:46:47+00:00,41.722447,-87.967431,212.2
2020-04-22 21:46:48+00:00,41.722417,-87.967409,212.1
2020-04-22 21:46:49+00:00,41.722389,-87.967379,212.1
2020-04-22 21:46:50+00:00,41.722363,-87.967344,212.0
2020-04-22 21:46:51+00:00,41.72234,-87.967306,211.9
2020-04-22 21:46:52+00:00,41.722318,-87.967265,211.9
2020-04-22 21:46:53+00:00,41.722293,-87.967223,211.8
2020-04-22 21:46:54+00:00,41.722267,-87.967186,211.8
2020-04-22 21:46:55+00:00,41.72224,-87.967156,211.7
2020-04-22 21:46:56+00:00,41.722215,-87.96713,211.7
2020-04-22 21:46:57+00:00,41.722193,-87.967102,211.6
2020-04-22 21:46:58+00:00,41.722159,-87.967057,211.6
2020-04-22 21:46:59+00:00,41.722126,-87.967035,211.5
2020-04-22 21:47:00+00:00,41.722104,-87.966993,211.5
2020-04-22 21:47:01+00:00,41.722096,-87.966975,211.5
2020-04-22 21:47:02+00:00,41.722071,-87.966948,211.4
2020-04-22 21:47:03+00:00,41.722049,-87.966926,211.4
2020-04-22 21:47:04+00:00,41.722024,-87.966905,211.4
2020-04-22 21:47:05+00:00,41.721999,-87.96687,211.3
2020-04-22 21:47:06+00:00,41.721977,-87.966836,211.3
2020-04-22 21:47:07+00:00,41.721958,-87.966796,211.2
2020-04-22 21:47:08+00:00,41.72194,-87.966756,211.1
2020-04-22 21:47:09+00:00,41.72192,-87.966715,211.1
2020-04-22 21:47:10+00:00,41.7219,-87.966677,211.0
2020-04-22 21:47:11+00:00,41.721878,-87.966641,210.9
2020-04-22 21:47:12+00:00,41.721854,-87.966603,210.8
2020-04-22 21:47:13+00:00,41.721831,-87.966566,210.7
2020-04-22 21:47:14+00:00,41.721812,-87.966529,210.6
2020-04-22 21:47:15+00:00,41.721797,-87.966495,210.5
2020-04-22 21:47:16+00:00,41.721792,-87.966458,210.5
2020-04-22 21:47:17+00:00,41.721791,-87.966411,210.4
2020-04-22 21:47:18+00:00,41.721793,-87.966362,210.3
2020-04-22 21:47:19+00:00,41.721797,-87.966314,210.2
2020-04-22 21:47:20+00:00,41.721799,-87.96626,210.0
2020-04-22 21:47:21+00:00,41.721801,-87.96621,209.9
2020-04-22 21:47:22+00:00,41.721803,-87.966165,209.8
2020-04-22 21:47:23+00:00,41.721804,-87.966124,209.8
2020-04-22 21:47:24+00:00,41.721808,-87.966084,209.7
2020-04-22 21:47:25+00:00,41.721813,-87.966041,209.6
2020-04-22 21:47:26+00:00,41.72182,-87.965996,209.5
2020-04-22 21:47:27+00:00,41.721825,-87.965953,209.4
2020-04-22 21:47:28+00:00,41.721828,-87.965908,209.4
2020-04-22 21:47:29+00:00,41.721827,-87.965866,209.3
2020-04-22 21:47:30+00:00,41.721824,-87.965824,209.3
2020-04-22 21:47:31+00:00,41.721821,-87.965783,209.2
2020-04-22 21:47:32+00:00,41.721815,-87.965738,209.2
2020-04-22 21:47:33+00:00,41.721806,-87.965699,209.1
2020-04-22 21:47:34+00:00,41.721791,-87.965662,209.1
2020-04-22 21:47:35+00:00,41.721767,-87.965624,209.1
2020-04-22 21:47:36+00:00,41.721736,-87.965589,209.1
2020-04-22 21:47:37+00:00,41.721702,-87.96556,209.1
2020-04-22 21:47:38+00:00,41.721667,-87.965538,209.0
2020-04-22 21:47:39+00:00,41.721632,-87.96552,209.0
2020-04-22 21:47:40+00:00,41.721597,-87.965509,209.0
2020-04-22 21:47:41+00:00,41.721563,-87.965506,209.0
2020-04-22 21:47:42+00:00,41.721533,-87.965506,209.0
2020-04-22 21:47:43+00:00,41.7215,-87.965509,209.0
2020-04-22 21:47:44+00:00,41.721465,-87.965509,209.0
2020-04-22 21:47:45+00:00,41.721437,-87.965507,209.0
2020-04-22 21:47:46+00:00,41.721403,-87.965499,209.0
2020-04-22 21:47:47+00:00,41.721391,-87.965494,209.0
2020-04-22 21:47:48+00:00,41.721365,-87.96548,209.0
2020-04-22 21:47:49+00:00,41.721335,-87.965468,209.0
2020-04-22 21:47:50+00:00,41.721302,-87.965459,209.1
2020-04-22 21:47:51+00:00,41.721266,-87.965462,209.1
2020-04-22 21:47:52+00:00,41.721233,-87.96547,209.2
2020-04-22 21:47:53+00:00,41.721197,-87.965474,209.2
2020-04-22 21:47:54+00:00,41.72116,-87.965473,209.3
2020-04-22 21:47:55+00:00,41.721126,-87.965466,209.4
2020-04-22 21:47:56+00:00,41.721098,-87.96545,209.5
2020-04-22 21:47:57+00:00,41.721072,-87.965428,209.5
2020-04-22 21:47:58+00:00,41.721047,-87.965393,209.6
2020-04-22 21:47:59+00:00,41.721024,-87.965343,209.7
2020-04-22 21:48:00+00:00,41.721005,-87.965299,209.8
2020-04-22 21:48:01+00:00,41.72099,-87.965256,209.9
2020-04-22 21:48:02+00:00,41.720976,-87.965211,209.9
2020-04-22 21:48:03+00:00,41.720965,-87.965168,210.0
2020-04-22 21:48:04+00:00,41.72096,-87.965124,210.0
2020-04-22 21:48:05+00:00,41.720958,-87.965082,210.1
2020-04-22 21:48:06+00:00,41.720956,-87.965037,210.1
2020-04-22 21:48:07+00:00,41.720955,-87.964992,210.1
2020-04-22 21:48:08+00:00,41.720953,-87.964949,210.1
2020-04-22 21:48:09+00:00,41.720951,-87.964905,210.1
2020-04-22 21:48:10+00:00,41.720951,-87.964863,210.1
2020-04-22 21:48:11+00:00,41.720948,-87.964822,210.1
2020-04-22 21:48:12+00:00,41.720946,-87.964783,210.2
2020-04-22 21:48:13+00:00,41.720946,-87.964731,210.2
2020-04-22 21:48:14+00:00,41.720945,-87.964714,210.2
2020-04-22 21:48:15+00:00,41.720945,-87.964678,210.2
2020-04-22 21:48:16+00:00,41.720944,-87.964642,210.2
2020-04-22 21:48:17+00:00,41.72094,-87.964602,210.1
2020-04-22 21:48:18+00:00,41.720936,-87.964557,210.1
2020-04-22 21:48:19+00:00,41.720933,-87.96451,210.1
2020-04-22 21:48:20+00:00,41.720932,-87.964465,210.1
2020-04-22 21:48:21+00:00,41.72093,-87.964418,210.0
2020-04-22 21:48:22+00:00,41.720929,-87.964368,210.0
2020-04-22 21:48:23+00:00,41.720928,-87.96432,209.9
2020-04-22 21:48:24+00:00,41.720927,-87.964272,209.8
2020-04-22 21:48:25+00:00,41.720926,-87.964224,209.8
2020-04-22 21:48:26+00:00,41.720928,-87.96418,209.7
2020-04-22 21:48:27+00:00,41.720929,-87.964133,209.7
2020-04-22 21:48:28+00:00,41.720929,-87.964083,209.6
2020-04-22 21:48:29+00:00,41.720926,-87.964029,209.5
2020-04-22 21:48:30+00:00,41.720924,-87.963974,209.5
2020-04-22 21:48:31+00:00,41.720923,-87.96393,209.4
2020-04-22 21:48:32+00:00,41.720925,-87.963889,209.4
2020-04-22 21:48:33+00:00,41.720929,-87.963848,209.3
2020-04-22 21:48:34+00:00,41.720936,-87.963797,209.3
2020-04-22 21:48:35+00:00,41.720937,-87.963777,209.3
2020-04-22 21:48:36+00:00,41.720939,-87.963735,209.2
2020-04-22 21:48:37+00:00,41.720941,-87.963685,209.2
2020-04-22 21:48:38+00:00,41.720946,-87.963635,209.2
2020-04-22 21:48:39+00:00,41.720948,-87.963597,209.2
2020-04-22 21:48:40+00:00,41.720946,-87.963552,209.2
2020-04-22 21:48:41+00:00,41.720945,-87.963538,209.2
2020-04-22 21:48:42+00:00,41.72094,-87.963491,209.3
2020-04-22 21:48:43+00:00,41.720938,-87.963471,209.3
2020-04-22 21:48:44+00:00,41.720935,-87.963417,209.3
2020-04-22 21:48:45+00:00,41.720935,-87.963369,209.4
2020-04-22 21:48:46+00:00,41.720934,-87.963326,209.4
2020-04-22 21:48:47+00:00,41.720933,-87.963278,209.5
2020-04-22 21:48:48+00:00,41.720934,-87.963238,209.5
2020-04-22 21:48:49+00:00,41.720935,-87.963182,209.6
2020-04-22 21:48:50+00:00,41.720935,-87.96316,209.6
2020-04-22 21:48:51+00:00,41.720939,-87.963113,209.7
2020-04-22 21:48:52+00:00,41.720944,-87.963066,209.7
2020-04-22 21:48:53+00:00,41.720947,-87.963022,209.8
2020-04-22 21:48:54+00:00,41.720947,-87.96298,209.8
2020-04-22 21:48:55+00:00,41.72095,-87.962934,209.9
2020-04-22 21:48:56+00:00,41.720955,-87.962887,210.0
2020-04-22 21:48:57+00:00,41.720962,-87.962843,210.1
2020-04-22 21:48:58+00:00,41.720968,-87.962795,210.2
2020-04-22 21:48:59+00:00,41.720972,-87.962741,210.3
2020-04-22 21:49:00+00:00,41.720982,-87.962702,210.3
2020-04-22 21:49:01+00:00,41.720999,-87.962665,210.4
2020-04-22 21:49:02+00:00,41.721019,-87.962628,210.5
2020-04-22 21:49:03+00:00,41.72104,-87.96259,210.5
2020-04-22 21:49:04+00:00,41.721056,-87.962552,210.6
2020-04-22 21:49:05+00:00,41.721072,-87.962516,210.6
2020-04-22 21:49:06+00:00,41.721088,-87.962485,210.7
2020-04-22 21:49:07+00:00,41.721103,-87.962456,210.7
2020-04-22 21:49:08+00:00,41.721123,-87.962422,210.7
2020-04-22 21:49:09+00:00,41.721146,-87.962386,210.8
2020-04-22 21:49:10+00:00,41.721171,-87.962348,210.8
2020-04-22 21:49:11+00:00,41.721198,-87.962313,210.8
2020-04-22 21:49:12+00:00,41.721227,-87.962286,210.8
2020-04-22 21:49:13+00:00,41.721257,-87.962267,210.9
2020-04-22 21:49:14+00:00,41.721285,-87.962254,210.8
2020-04-22 21:49:15+00:00,41.721316,-87.962243,210.8
2020-04-22 21:49:16+00:00,41.721348,-87.962234,210.8
2020-04-22 21:49:17+00:00,41.721382,-87.962228,210.8
2020-04-22 21:49:18+00:00,41.721411,-87.962226,210.8
2020-04-22 21:49:19+00:00,41.721454,-87.962225,210.8
2020-04-22 21:49:20+00:00,41.721472,-87.962224,210.8
2020-04-22 21:49:21+00:00,41.721511,-87.962229,210.8
2020-04-22 21:49:22+00:00,41.721544,-87.962239,210.8
2020-04-22 21:49:23+00:00,41.721573,-87.962253,210.9
2020-04-22 21:49:24+00:00,41.721602,-87.962266,210.9
2020-04-22 21:49:25+00:00,41.721644,-87.962275,211.0
2020-04-22 21:49:26+00:00,41.721659,-87.962278,211.0
2020-04-22 21:49:27+00:00,41.721694,-87.962279,211.1
2020-04-22 21:49:28+00:00,41.721724,-87.962271,211.2
2020-04-22 21:49:29+00:00,41.721748,-87.962251,211.3
2020-04-22 21:49:30+00:00,41.721769,-87.962222,211.4
2020-04-22 21:49:31+00:00,41.721784,-87.962187,211.5
2020-04-22 21:49:32+00:00,41.721798,-87.962143,211.6
2020-04-22 21:49:33+00:00,41.721811,-87.962101,211.7
2020-04-22 21:49:34+00:00,41.721823,-87.962063,211.8
2020-04-22 21:49:35+00:00,41.721834,-87.962028,211.9
2020-04-22 21:49:36+00:00,41.721844,-87.96199,212.1
2020-04-22 21:49:37+00:00,41.721855,-87.961949,212.2
2020-04-22 21:49:38+00:00,41.721866,-87.961911,212.3
2020-04-22 21:49:39+00:00,41.72188,-87.961874,212.5
2020-04-22 21:49:40+00:00,41.721893,-87.961841,212.6
2020-04-22 21:49:41+00:00,41.721906,-87.961806,212.8
2020-04-22 21:49:42+00:00,41.721916,-87.961772,212.9
2020-04-22 21:49:43+00:00,41.721924,-87.961722,213.1
2020-04-22 21:49:44+00:00,41.721926,-87.961703,213.1
2020-04-22 21:49:45+00:00,41.721928,-87.961662,213.3
2020-04-22 21:49:46+00:00,41.721926,-87.961622,213.4
2020-04-22 21:49:47+00:00,41.721922,-87.961578,213.6
2020-04-22 21:49:48+00:00,41.721915,-87.961532,213.7
2020-04-22 21:49:49+00:00,41.721906,-87.961485,213.8
2020-04-22 21:49:50+00:00,41.721893,-87.961438,213.9
2020-04-22 21:49:51+00:00,41.721882,-87.9614,214.0
2020-04-22 21:49:52+00:00,41.721871,-87.961362,214.0
2020-04-22 21:49:53+00:00,41.721864,-87.961321,214.0
2020-04-22 21:49:54+00:00,41.72186,-87.961277,214.1
2020-04-22 21:49:55+00:00,41.721859,-87.961236,214.1
2020-04-22 21:49:56+00:00,41.721861,-87.961199,214.1
2020-04-22 21:49:57+00:00,41.721864,-87.961162,214.1
2020-04-22 21:49:58+00:00,41.721869,-87.961124,214.1
2020-04-22 21:49:59+00:00,41.721873,-87.961074,214.1
2020-04-22 21:50:00+00:00,41.721874,-87.961058,214.1
2020-04-22 21:50:01+00:00,41.721875,-87.96101,214.0
2020-04-22 21:50:02+00:00,41.721875,-87.960991,214.0
2020-04-22 21:50:03+00:00,41.721875,-87.960948,213.9
2020-04-22 21:50:04+00:00,41.721879,-87.960903,213.8
2020-04-22 21:50:05+00:00,41.721884,-87.960857,213.7
2020-04-22 21:50:06+00:00,41.721886,-87.960813,213.7
2020-04-22 21:50:07+00:00,41.721887,-87.960771,213.6
2020-04-22 21:50:08+00:00,41.721886,-87.960725,213.4
2020-04-22 21:50:09+00:00,41.721882,-87.960676,213.3
2020-04-22 21:50:10+00:00,41.721874,-87.960627,213.2
2020-04-22 21:50:11+00:00,41.721864,-87.960582,213.1
2020-04-22 21:50:12+00:00,41.721856,-87.960536,213.0
2020-04-22 21:50:13+00:00,41.721848,-87.960492,212.9
2020-04-22 21:50:14+00:00,41.721839,-87.960449,212.8
2020-04-22 21:50:15+00:00,41.721825,-87.960407,212.7
2020-04-22 21:50:16+00:00,41.721809,-87.960373,212.6
2020-04-22 21:50:17+00:00,41.721787,-87.960346,212.6
2020-04-22 21:50:18+00:00,41.721757,-87.960325,212.5
2020-04-22 21:50:19+00:00,41.721726,-87.960317,212.5
2020-04-22 21:50:20+00:00,41.721692,-87.960316,212.5
2020-04-22 21:50:21+00:00,41.721655,-87.960318,212.4
2020-04-22 21:50:22+00:00,41.721619,-87.960321,212.4
2020-04-22 21:50:23+00:00,41.721583,-87.960321,212.4
2020-04-22 21:50:24+00:00,41.721546,-87.960319,212.4
2020-04-22 21:50:25+00:00,41.721508,-87.960317,212.4
2020-04-22 21:50:26+00:00,41.721474,-87.960317,212.4
2020-04-22 21:50:27+00:00,41.721442,-87.960321,212.3
2020-04-22 21:50:28+00:00,41.721409,-87.960321,212.3
2020-04-22 21:50:29+00:00,41.721374,-87.960317,212.3
2020-04-22 21:50:30+00:00,41.721341,-87.960311,212.3
2020-04-22 21:50:31+00:00,41.721305,-87.960306,212.3
2020-04-22 21:50:32+00:00,41.721267,-87.960304,212.4
2020-04-22 21:50:33+00:00,41.721235,-87.960301,212.4
2020-04-22 21:50:34+00:00,41.721194,-87.960295,212.4
2020-04-22 21:50:35+00:00,41.721179,-87.960292,212.4
2020-04-22 21:50:36+00:00,41.721148,-87.960283,212.5
2020-04-22 21:50:37+00:00,41.721119,-87.96027,212.5
2020-04-22 21:50:38+00:00,41.721091,-87.96026,212.5
2020-04-22 21:50:39+00:00,41.721063,-87.960255,212.5
2020-04-22 21:50:40+00:00,41.721036,-87.960255,212.5
2020-04-22 21:50:41+00:00,41.721006,-87.960257,212.6
2020-04-22 21:50:42+00:00,41.720977,-87.960257,212.6
2020-04-22 21:50:43+00:00,41.720951,-87.960246,212.6
2020-04-22 21:50:44+00:00,41.720916,-87.960219,212.6
2020-04-22 21:50:45+00:00,41.720904,-87.96021,212.6
2020-04-22 21:50:46+00:00,41.720878,-87.960198,212.6
2020-04-22 21:50:47+00:00,41.720848,-87.96019,212.7
2020-04-22 21:50:48+00:00,41.720819,-87.960189,212.7
2020-04-22 21:50:49+00:00,41.720779,-87.960189,212.7
2020-04-22 21:50:50+00:00,41.720766,-87.960189,212.7
2020-04-22 21:50:51+00:00,41.720733,-87.960186,212.8
2020-04-22 21:50:52+00:00,41.720701,-87.960184,212.8
2020-04-22 21:50:53+00:00,41.720665,-87.960181,212.8
2020-04-22 21:50:54+00:00,41.720628,-87.960179,212.9
2020-04-22 21:50:55+00:00,41.72059,-87.960177,212.9
2020-04-22 21:50:56+00:00,41.720555,-87.960174,212.9
2020-04-22 21:50:57+00:00,41.720522,-87.960171,212.9
2020-04-22 21:50:58+00:00,41.720495,-87.960169,213.0
2020-04-22 21:50:59+00:00,41.720465,-87.960169,213.0
2020-04-22 21:51:00+00:00,41.72043,-87.960169,213.0
2020-04-22 21:51:01+00:00,41.720395,-87.960174,213.0
2020-04-22 21:51:02+00:00,41.720363,-87.960178,213.0
2020-04-22 21:51:03+00:00,41.72033,-87.960176,213.0
2020-04-22 21:51:04+00:00,41.720296,-87.960175,213.0
2020-04-22 21:51:05+00:00,41.720268,-87.960172,213.0
2020-04-22 21:51:06+00:00,41.720239,-87.960168,213.0
2020-04-22 21:51:07+00:00,41.720209,-87.960165,213.0
2020-04-22 21:51:08+00:00,41.720178,-87.960162,213.0
2020-04-22 21:51:09+00:00,41.720148,-87.960159,213.0
2020-04-22 21:51:10+00:00,41.720117,-87.960158,213.1
2020-04-22 21:51:11+00:00,41.720087,-87.960154,213.1
2020-04-22 21:51:12+00:00,41.720055,-87.960146,213.1
2020-04-22 21:51:13+00:00,41.720024,-87.96014,213.2
2020-04-22 21:51:14+00:00,41.719992,-87.960135,213.2
2020-04-22 21:51:15+00:00,41.719962,-87.960128,213.3
2020-04-22 21:51:16+00:00,41.719932,-87.960123,213.3
2020-04-22 21:51:17+00:00,41.719901,-87.960122,213.4
2020-04-22 21:51:18+00:00,41.719869,-87.960121,213.4
2020-04-22 21:51:19+00:00,41.719839,-87.960115,213.5
2020-04-22 21:51:20+00:00,41.719812,-87.960107,213.5
2020-04-22 21:51:21+00:00,41.719781,-87.960097,213.5
2020-04-22 21:51:22+00:00,41.719748,-87.960095,213.6
2020-04-22 21:51:23+00:00,41.719714,-87.960098,213.6
2020-04-22 21:51:24+00:00,41.719682,-87.960099,213.7
2020-04-22 21:51:25+00:00,41.719651,-87.960102,213.7
2020-04-22 21:51:26+00:00,41.719623,-87.960107,213.7
2020-04-22 21:51:27+00:00,41.719587,-87.96011,213.8
2020-04-22 21:51:28+00:00,41.719552,-87.960117,213.8
2020-04-22 21:51:29+00:00,41.71952,-87.960122,213.8
2020-04-22 21:51:30+00:00,41.719489,-87.960123,213.9
2020-04-22 21:51:31+00:00,41.719452,-87.960122,213.9
2020-04-22 21:51:32+00:00,41.719439,-87.960122,213.9
2020-04-22 21:51:33+00:00,41.719409,-87.960122,213.9
2020-04-22 21:51:34+00:00,41.719379,-87.960127,213.9
2020-04-22 21:51:35+00:00,41.719348,-87.960129,213.9
2020-04-22 21:51:36+00:00,41.719317,-87.960125,213.9
2020-04-22 21:51:37+00:00,41.719284,-87.960118,213.9
2020-04-22 21:51:38+00:00,41.719253,-87.960111,213.9
2020-04-22 21:51:39+00:00,41.719224,-87.960105,213.9
2020-04-22 21:51:40+00:00,41.719189,-87.960094,213.9
2020-04-22 21:51:41+00:00,41.719159,-87.960086,213.9
2020-04-22 21:51:42+00:00,41.719129,-87.960079,213.9
2020-04-22 21:51:43+00:00,41.719097,-87.960068,213.9
2020-04-22 21:51:44+00:00,41.719071,-87.960053,213.8
2020-04-22 21:51:45+00:00,41.719048,-87.960026,213.8
2020-04-22 21:51:46+00:00,41.719028,-87.959992,213.8
2020-04-22 21:51:47+00:00,41.719013,-87.959954,213.8
2020-04-22 21:51:48+00:00,41.719003,-87.959916,213.7
2020-04-22 21:51:49+00:00,41.719,-87.95988,213.7
2020-04-22 21:51:50+00:00,41.719,-87.959826,213.7
2020-04-22 21:51:51+00:00,41.719,-87.959807,213.7
2020-04-22 21:51:52+00:00,41.719002,-87.959768,213.6
2020-04-22 21:51:53+00:00,41.719007,-87.959726,213.6
2020-04-22 21:51:54+00:00,41.719016,-87.959686,213.6
2020-04-22 21:51:55+00:00,41.719027,-87.959647,213.5
2020-04-22 21:51:56+00:00,41.71904,-87.959608,213.5
2020-04-22 21:51:57+00:00,41.719054,-87.95957,213.5
2020-04-22 21:51:58+00:00,41.71907,-87.959534,213.5
2020-04-22 21:51:59+00:00,41.719086,-87.959501,213.5
2020-04-22 21:52:00+00:00,41.719107,-87.959468,213.5
2020-04-22 21:52:01+00:00,41.719132,-87.959438,213.5
2020-04-22 21:52:02+00:00,41.719158,-87.959412,213.4
2020-04-22 21:52:03+00:00,41.719181,-87.959385,213.4
2020-04-22 21:52:04+00:00,41.71921,-87.959347,213.4
2020-04-22 21:52:05+00:00,41.719219,-87.959333,213.4
2020-04-22 21:52:06+00:00,41.719235,-87.959301,213.4
2020-04-22 21:52:07+00:00,41.719248,-87.959266,213.4
2020-04-22 21:52:08+00:00,41.71926,-87.959228,213.4
2020-04-22 21:52:09+00:00,41.719272,-87.959194,213.4
2020-04-22 21:52:10+00:00,41.719285,-87.959162,213.4
2020-04-22 21:52:11+00:00,41.719298,-87.959129,213.4
2020-04-22 21:52:12+00:00,41.719314,-87.95909,213.4
2020-04-22 21:52:13+00:00,41.719328,-87.959053,213.4
2020-04-22 21:52:14+00:00,41.719342,-87.959021,213.4
2020-04-22 21:52:15+00:00,41.719356,-87.958988,213.3
2020-04-22 21:52:16+00:00,41.719372,-87.958955,213.3
2020-04-22 21:52:17+00:00,41.719386,-87.958918,213.3
2020-04-22 21:52:18+00:00,41.719397,-87.958873,213.3
2020-04-22 21:52:19+00:00,41.719405,-87.958827,213.2
2020-04-22 21:52:20+00:00,41.719409,-87.958774,213.2
2020-04-22 21:52:21+00:00,41.719408,-87.958756,213.1
2020-04-22 21:52:22+00:00,41.719404,-87.958713,213.1
2020-04-22 21:52:23+00:00,41.719399,-87.958669,213.0
2020-04-22 21:52:24+00:00,41.719393,-87.958621,213.0
2020-04-22 21:52:25+00:00,41.719387,-87.958572,212.9
2020-04-22 21:52:26+00:00,41.719382,-87.958525,212.9
2020-04-22 21:52:27+00:00,41.719372,-87.958472,212.8
2020-04-22 21:52:28+00:00,41.719367,-87.958455,212.8
2020-04-22 21:52:29+00:00,41.719356,-87.958417,212.7
2020-04-22 21:52:30+00:00,41.719344,-87.958384,212.7
2020-04-22 21:52:31+00:00,41.719329,-87.95835,212.6
2020-04-22 21:52:32+00:00,41.71931,-87.958311,212.6
2020-04-22 21:52:33+00:00,41.719297,-87.958275,212.5
2020-04-22 21:52:34+00:00,41.719283,-87.958234,212.5
2020-04-22 21:52:35+00:00,41.71928,-87.958222,212.5
2020-04-22 21:52:36+00:00,41.71928,-87.958207,212.5
2020-04-22 21:52:37+00:00,41.719294,-87.958191,212.4
2020-04-22 21:52:38+00:00,41.719326,-87.958182,212.4
2020-04-22 21:52:39+00:00,41.719364,-87.958182,212.5
2020-04-22 21:52:40+00:00,41.7194,-87.958184,212.7
2020-04-22 21:52:41+00:00,41.719434,-87.958183,212.8
2020-04-22 21:52:42+00:00,41.719465,-87.958185,213.0
2020-04-22 21:52:43+00:00,41.719496,-87.958193,213.2
2020-04-22 21:52:44+00:00,41.719526,-87.958199,213.4
2020-04-22 21:52:45+00:00,41.719554,-87.958203,213.5
2020-04-22 21:52:46+00:00,41.719595,-87.958201,213.6
2020-04-22 21:52:47+00:00,41.71961,-87.958199,213.7
2020-04-22 21:52:48+00:00,41.71964,-87.958195,213.8
2020-04-22 21:52:49+00:00,41.719673,-87.958192,213.9
2020-04-22 21:52:50+00:00,41.719706,-87.958188,214.0
2020-04-22 21:52:51+00:00,41.719736,-87.958184,214.1
2020-04-22 21:52:52+00:00,41.719766,-87.958178,214.1
2020-04-22 21:52:53+00:00,41.719798,-87.958168,214.1
2020-04-22 21:52:54+00:00,41.719831,-87.958154,214.1
2020-04-22 21:52:55+00:00,41.719866,-87.958134,214.1
2020-04-22 21:52:56+00:00,41.719901,-87.95811,214.1
2020-04-22 21:52:57+00:00,41.719931,-87.958082,213.9
2020-04-22 21:52:58+00:00,41.719957,-87.958053,213.8
2020-04-22 21:52:59+00:00,41.719982,-87.95802,213.7
2020-04-22 21:53:00+00:00,41.720007,-87.957988,213.3
2020-04-22 21:53:01+00:00,41.720034,-87.957956,213.0
2020-04-22 21:53:02+00:00,41.720061,-87.957925,212.9
2020-04-22 21:53:03+00:00,41.720084,-87.957898,212.9
2020-04-22 21:53:04+00:00,41.720106,-87.957868,213.0
2020-04-22 21:53:05+00:00,41.720128,-87.957837,213.0
2020-04-22 21:53:06+00:00,41.720152,-87.95781,213.1
2020-04-22 21:53:07+00:00,41.720179,-87.957786,213.1
2020-04-22 21:53:08+00:00,41.720207,-87.957763,213.1
2020-04-22 21:53:09+00:00,41.720238,-87.957729,213.1
2020-04-22 21:53:10+00:00,41.720249,-87.957717,213.2
2020-04-22 21:53:11+00:00,41.720272,-87.957692,213.2
2020-04-22 21:53:12+00:00,41.720298,-87.957673,213.2
2020-04-22 21:53:13+00:00,41.720328,-87.957662,213.2
2020-04-22 21:53:14+00:00,41.720365,-87.957662,213.2
2020-04-22 21:53:15+00:00,41.720403,-87.95767,213.3
2020-04-22 21:53:16+00:00,41.720436,-87.957683,213.3
2020-04-22 21:53:17+00:00,41.72047,-87.957697,213.2
2020-04-22 21:53:18+00:00,41.720502,-87.957708,213.2
2020-04-22 21:53:19+00:00,41.720532,-87.957715,213.3
2020-04-22 21:53:20+00:00,41.720564,-87.957723,213.3
2020-04-22 21:53:21+00:00,41.720595,-87.957732,213.3
2020-04-22 21:53:22+00:00,41.720627,-87.957743,213.3
2020-04-22 21:53:23+00:00,41.720654,-87.957752,213.3
2020-04-22 21:53:24+00:00,41.720696,-87.957762,213.4
2020-04-22 21:53:25+00:00,41.720711,-87.957765,213.4
2020-04-22 21:53:26+00:00,41.720744,-87.957768,213.4
2020-04-22 21:53:27+00:00,41.720776,-87.957767,213.4
2020-04-22 21:53:28+00:00,41.720809,-87.957766,213.4
2020-04-22 21:53:29+00:00,41.720838,-87.957762,213.4
2020-04-22 21:53:30+00:00,41.720866,-87.957753,213.4
2020-04-22 21:53:31+00:00,41.720899,-87.95774,213.5
2020-04-22 21:53:32+00:00,41.720926,-87.957723,213.5
2020-04-22 21:53:33+00:00,41.720951,-87.957706,213.6
2020-04-22 21:53:34+00:00,41.720978,-87.957677,213.6
2020-04-22 21:53:35+00:00,41.721003,-87.957645,213.6
2020-04-22 21:53:36+00:00,41.721027,-87.957614,213.6
2020-04-22 21:53:37+00:00,41.721048,-87.957585,213.6
2020-04-22 21:53:38+00:00,41.721068,-87.957558,213.7
2020-04-22 21:53:39+00:00,41.721092,-87.957531,213.7
2020-04-22 21:53:40+00:00,41.721118,-87.957504,213.7
2020-04-22 21:53:41+00:00,41.721142,-87.957478,213.7
2020-04-22 21:53:42+00:00,41.721165,-87.957456,213.8
2020-04-22 21:53:43+00:00,41.721197,-87.957425,213.8
2020-04-22 21:53:44+00:00,41.721208,-87.957413,213.8
2020-04-22 21:53:45+00:00,41.721233,-87.957385,213.8
2020-04-22 21:53:46+00:00,41.721258,-87.957354,213.8
2020-04-22 21:53:47+00:00,41.721282,-87.957321,213.9
2020-04-22 21:53:48+00:00,41.721306,-87.957287,213.9
2020-04-22 21:53:49+00:00,41.721329,-87.95726,213.9
2020-04-22 21:53:50+00:00,41.721356,-87.957235,213.9
2020-04-22 21:53:51+00:00,41.721386,-87.957213,214.0
2020-04-22 21:53:52+00:00,41.721419,-87.957197,214.0
2020-04-22 21:53:53+00:00,41.721445,-87.957184,214.0
2020-04-22 21:53:54+00:00,41.721466,-87.957175,214.1
2020-04-22 21:53:55+00:00,41.72148,-87.957172,214.1
2020-04-22 21:53:56+00:00,41.721492,-87.957173,214.1
2020-04-22 21:53:57+00:00,41.721496,-87.957171,214.1
2020-04-22 21:53:58+00:00,41.721501,-87.957169,214.2
2020-04-22 21:53:59+00:00,41.721505,-87.957167,214.2
2020-04-22 21:54:00+00:00,41.72151,-87.957166,214.2
2020-04-22 21:54:01+00:00,41.721514,-87.957164,214.2
2020-04-22 21:54:02+00:00,41.721519,-87.957162,214.2
2020-04-22 21:54:03+00:00,41.721523,-87.95716,214.3
2020-04-22 21:54:04+00:00,41.721528,-87.957158,214.3
2020-04-22 21:54:05+00:00,41.721561,-87.957147,214.3
2020-04-22 21:54:06+00:00,41.721599,-87.957136,214.3
2020-04-22 21:54:07+00:00,41.721638,-87.957127,214.3
2020-04-22 21:54:08+00:00,41.72167,-87.95712,214.3
2020-04-22 21:54:09+00:00,41.721703,-87.957116,214.3
2020-04-22 21:54:10+00:00,41.721734,-87.957116,214.4
2020-04-22 21:54:11+00:00,41.721763,-87.957118,214.4
2020-04-22 21:54:12+00:00,41.721802,-87.957125,214.4
2020-04-22 21:54:13+00:00,41.721814,-87.957127,214.4
2020-04-22 21:54:14+00:00,41.721844,-87.95713,214.4
2020-04-22 21:54:15+00:00,41.721879,-87.957132,214.5
2020-04-22 21:54:16+00:00,41.721915,-87.957135,214.5
2020-04-22 21:54:17+00:00,41.721945,-87.957139,214.5
2020-04-22 21:54:18+00:00,41.721972,-87.957143,214.5
2020-04-22 21:54:19+00:00,41.722003,-87.957148,214.5
2020-04-22 21:54:20+00:00,41.722035,-87.957152,214.5
2020-04-22 21:54:21+00:00,41.722067,-87.957157,214.5
2020-04-22 21:54:22+00:00,41.7221,-87.957162,214.6
2020-04-22 21:54:23+00:00,41.722133,-87.957169,214.6
2020-04-22 21:54:24+00:00,41.722165,-87.957173,214.6
2020-04-22 21:54:25+00:00,41.7222,-87.957177,214.6
2020-04-22 21:54:26+00:00,41.722233,-87.95718,214.6
2020-04-22 21:54:27+00:00,41.722266,-87.95718,214.7
2020-04-22 21:54:28+00:00,41.722302,-87.957179,214.7
2020-04-22 21:54:29+00:00,41.722337,-87.957178,214.7
2020-04-22 21:54:30+00:00,41.722374,-87.95718,214.7
2020-04-22 21:54:31+00:00,41.722408,-87.957185,214.8
2020-04-22 21:54:32+00:00,41.722441,-87.957193,214.7
2020-04-22 21:54:33+00:00,41.722473,-87.957199,214.8
2020-04-22 21:54:34+00:00,41.722507,-87.957202,214.8
2020-04-22 21:54:35+00:00,41.722539,-87.957201,214.8
2020-04-22 21:54:36+00:00,41.722579,-87.957197,214.8
2020-04-22 21:54:37+00:00,41.722592,-87.957196,214.8
2020-04-22 21:54:38+00:00,41.722623,-87.957197,214.8
2020-04-22 21:54:39+00:00,41.72266,-87.957199,214.8
2020-04-22 21:54:40+00:00,41.722672,-87.957198,214.9
2020-04-22 21:54:41+00:00,41.722707,-87.957191,214.9
2020-04-22 21:54:42+00:00,41.722716,-87.957187,215.0
2020-04-22 21:54:43+00:00,41.722732,-87.957178,215.1
2020-04-22 21:54:44+00:00,41.722746,-87.95717,215.4
2020-04-22 21:54:45+00:00,41.722772,-87.957161,215.7
2020-04-22 21:54:46+00:00,41.722781,-87.957158,215.7
2020-04-22 21:54:47+00:00,41.722815,-87.957163,216.0
2020-04-22 21:54:48+00:00,41.722826,-87.957168,216.0
2020-04-22 21:54:49+00:00,41.722857,-87.957184,216.2
2020-04-22 21:54:50+00:00,41.722867,-87.957189,215.9
2020-04-22 21:54:51+00:00,41.722892,-87.957174,216.0
2020-04-22 21:54:52+00:00,41.722898,-87.957161,216.0
2020-04-22 21:54:53+00:00,41.722902,-87.95712,216.0
2020-04-22 21:54:54+00:00,41.722897,-87.957076,216.1
2020-04-22 21:54:55+00:00,41.722892,-87.957033,216.1
2020-04-22 21:54:56+00:00,41.722887,-87.956993,216.2
2020-04-22 21:54:57+00:00,41.722884,-87.956954,216.2
2020-04-22 21:54:58+00:00,41.722884,-87.956914,216.2
2020-04-22 21:54:59+00:00,41.722887,-87.956876,216.3
2020-04-22 21:55:00+00:00,41.722892,-87.956837,216.3
2020-04-22 21:55:01+00:00,41.7229,-87.9568,216.3
2020-04-22 21:55:02+00:00,41.722909,-87.95675,216.3
2020-04-22 21:55:03+00:00,41.722911,-87.956733,216.3
2020-04-22 21:55:04+00:00,41.722913,-87.956697,216.3
2020-04-22 21:55:05+00:00,41.722913,-87.95666,216.2
2020-04-22 21:55:06+00:00,41.722914,-87.956614,216.3
2020-04-22 21:55:07+00:00,41.722915,-87.956602,216.3
2020-04-22 21:55:08+00:00,41.722916,-87.956617,216.3
2020-04-22 21:55:09+00:00,41.722915,-87.956642,216.3
2020-04-22 21:55:10+00:00,41.722915,-87.956666,216.3
2020-04-22 21:55:11+00:00,41.722912,-87.956718,216.3
2020-04-22 21:55:12+00:00,41.722912,-87.956767,216.3
2020-04-22 21:55:13+00:00,41.722912,-87.956814,216.2
2020-04-22 21:55:14+00:00,41.722911,-87.956859,216.2
2020-04-22 21:55:15+00:00,41.722909,-87.956897,216.2
2020-04-22 21:55:16+00:00,41.722906,-87.956952,216.1
2020-04-22 21:55:17+00:00,41.722905,-87.956972,216.1
2020-04-22 21:55:18+00:00,41.722903,-87.957015,216.0
2020-04-22 21:55:19+00:00,41.722906,-87.957058,216.0
2020-04-22 21:55:20+00:00,41.722913,-87.957102,215.9
2020-04-22 21:55:21+00:00,41.722922,-87.957146,215.9
2020-04-22 21:55:22+00:00,41.722934,-87.957187,215.8
2020-04-22 21:55:23+00:00,41.722944,-87.957224,215.8
2020-04-22 21:55:24+00:00,41.722953,-87.957263,215.7
2020-04-22 21:55:25+00:00,41.722961,-87.957298,215.7
2020-04-22 21:55:26+00:00,41.722965,-87.957334,215.7
2020-04-22 21:55:27+00:00,41.722968,-87.957376,215.6
2020-04-22 21:55:28+00:00,41.722967,-87.95742,215.6
2020-04-22 21:55:29+00:00,41.722964,-87.957467,215.5
2020-04-22 21:55:30+00:00,41.72296,-87.957511,215.5
2020-04-22 21:55:31+00:00,41.72296,-87.957555,215.5
2020-04-22 21:55:32+00:00,41.722961,-87.957599,215.4
2020-04-22 21:55:33+00:00,41.722962,-87.95764,215.4
2020-04-22 21:55:34+00:00,41.722962,-87.957683,215.4
2020-04-22 21:55:35+00:00,41.722963,-87.957727,215.4
2020-04-22 21:55:36+00:00,41.722966,-87.957773,215.4
2020-04-22 21:55:37+00:00,41.722966,-87.957819,215.4
2020-04-22 21:55:38+00:00,41.722967,-87.957859,215.4
2020-04-22 21:55:39+00:00,41.722968,-87.957898,215.4
2020-04-22 21:55:40+00:00,41.722969,-87.957941,215.4
2020-04-22 21:55:41+00:00,41.722966,-87.957985,215.4
2020-04-22 21:55:42+00:00,41.722963,-87.958032,215.4
2020-04-22 21:55:43+00:00,41.722961,-87.958079,215.5
2020-04-22 21:55:44+00:00,41.722961,-87.958122,215.5
2020-04-22 21:55:45+00:00,41.722964,-87.958163,215.5
2020-04-22 21:55:46+00:00,41.722966,-87.958204,215.5
2020-04-22 21:55:47+00:00,41.722967,-87.958244,215.6
2020-04-22 21:55:48+00:00,41.722966,-87.958285,215.6
2020-04-22 21:55:49+00:00,41.722963,-87.958327,215.6
2020-04-22 21:55:50+00:00,41.72296,-87.958367,215.6
2020-04-22 21:55:51+00:00,41.722957,-87.958408,215.6
2020-04-22 21:55:52+00:00,41.722956,-87.958452,215.7
2020-04-22 21:55:53+00:00,41.722956,-87.958497,215.7
2020-04-22 21:55:54+00:00,41.722957,-87.958539,215.7
2020-04-22 21:55:55+00:00,41.722958,-87.95858,215.8
2020-04-22 21:55:56+00:00,41.72296,-87.958621,215.8
2020-04-22 21:55:57+00:00,41.722962,-87.958662,215.9
2020-04-22 21:55:58+00:00,41.722962,-87.958704,215.9
2020-04-22 21:55:59+00:00,41.722959,-87.958745,216.0
2020-04-22 21:56:00+00:00,41.722955,-87.958789,216.0
2020-04-22 21:56:01+00:00,41.72295,-87.958835,216.1
2020-04-22 21:56:02+00:00,41.72295,-87.958876,216.2
2020-04-22 21:56:03+00:00,41.722951,-87.958913,216.2
2020-04-22 21:56:04+00:00,41.722952,-87.958952,216.3
2020-04-22 21:56:05+00:00,41.722954,-87.958991,216.3
2020-04-22 21:56:06+00:00,41.722952,-87.95903,216.3
2020-04-22 21:56:07+00:00,41.722952,-87.95907,216.3
2020-04-22 21:56:08+00:00,41.722953,-87.95911,216.3
2020-04-22 21:56:09+00:00,41.72295,-87.959166,216.4
2020-04-22 21:56:10+00:00,41.722948,-87.959186,216.4
2020-04-22 21:56:11+00:00,41.722943,-87.959227,216.4
2020-04-22 21:56:12+00:00,41.722939,-87.959267,216.4
2020-04-22 21:56:13+00:00,41.722933,-87.959311,216.4
2020-04-22 21:56:14+00:00,41.722927,-87.959359,216.5
2020-04-22 21:56:15+00:00,41.722925,-87.959404,216.5
2020-04-22 21:56:16+00:00,41.722923,-87.959445,216.5
2020-04-22 21:56:17+00:00,41.722921,-87.959483,216.6
2020-04-22 21:56:18+00:00,41.722918,-87.959524,216.6
2020-04-22 21:56:19+00:00,41.722913,-87.959566,216.6
2020-04-22 21:56:20+00:00,41.722907,-87.959603,216.6
2020-04-22 21:56:21+00:00,41.722903,-87.959642,216.7
2020-04-22 21:56:22+00:00,41.722901,-87.959683,216.7
2020-04-22 21:56:23+00:00,41.722902,-87.959726,216.7
2020-04-22 21:56:24+00:00,41.722906,-87.95977,216.8
2020-04-22 21:56:25+00:00,41.722906,-87.959815,216.8
2020-04-22 21:56:26+00:00,41.722901,-87.959855,216.8
2020-04-22 21:56:27+00:00,41.722898,-87.959894,216.9
2020-04-22 21:56:28+00:00,41.722897,-87.959933,216.9
2020-04-22 21:56:29+00:00,41.722904,-87.959987,216.9
2020-04-22 21:56:30+00:00,41.722906,-87.960006,216.9
2020-04-22 21:56:31+00:00,41.722909,-87.960049,217.0
2020-04-22 21:56:32+00:00,41.722911,-87.960092,217.0
2020-04-22 21:56:33+00:00,41.722914,-87.960136,217.0
2020-04-22 21:56:34+00:00,41.722916,-87.960178,217.0
2020-04-22 21:56:35+00:00,41.722918,-87.960221,217.0
2020-04-22 21:56:36+00:00,41.72292,-87.960263,217.0
2020-04-22 21:56:37+00:00,41.722919,-87.960307,217.0
2020-04-22 21:56:38+00:00,41.722916,-87.960351,216.9
2020-04-22 21:56:39+00:00,41.722914,-87.960392,216.9
2020-04-22 21:56:40+00:00,41.722912,-87.960436,216.9
2020-04-22 21:56:41+00:00,41.722911,-87.960481,216.9
2020-04-22 21:56:42+00:00,41.722911,-87.960528,216.8
2020-04-22 21:56:43+00:00,41.722908,-87.960574,216.8
2020-04-22 21:56:44+00:00,41.722905,-87.960617,216.8
2020-04-22 21:56:45+00:00,41.722901,-87.960658,216.8
2020-04-22 21:56:46+00:00,41.722896,-87.960698,216.7
2020-04-22 21:56:47+00:00,41.722894,-87.960739,216.7
2020-04-22 21:56:48+00:00,41.722892,-87.960781,216.7
2020-04-22 21:56:49+00:00,41.722889,-87.960827,216.6
2020-04-22 21:56:50+00:00,41.722885,-87.960873,216.6
2020-04-22 21:56:51+00:00,41.722884,-87.960918,216.5
2020-04-22 21:56:52+00:00,41.722883,-87.960962,216.5
2020-04-22 21:56:53+00:00,41.722885,-87.961005,216.4
2020-04-22 21:56:54+00:00,41.722887,-87.961045,216.3
2020-04-22 21:56:55+00:00,41.722888,-87.961087,216.3
2020-04-22 21:56:56+00:00,41.722888,-87.961129,216.3
2020-04-22 21:56:57+00:00,41.722888,-87.961168,216.3
2020-04-22 21:56:58+00:00,41.722887,-87.961207,216.2
2020-04-22 21:56:59+00:00,41.722885,-87.961249,216.2
2020-04-22 21:57:00+00:00,41.722884,-87.961294,216.1
2020-04-22 21:57:01+00:00,41.722881,-87.961339,216.0
2020-04-22 21:57:02+00:00,41.722875,-87.961385,215.9
2020-04-22 21:57:03+00:00,41.72287,-87.961429,215.8
2020-04-22 21:57:04+00:00,41.722868,-87.961473,215.7
2020-04-22 21:57:05+00:00,41.722868,-87.961515,215.6
2020-04-22 21:57:06+00:00,41.722871,-87.961555,215.5
2020-04-22 21:57:07+00:00,41.722873,-87.9616,215.4
2020-04-22 21:57:08+00:00,41.722874,-87.961645,215.3
2020-04-22 21:57:09+00:00,41.722876,-87.961688,215.2
2020-04-22 21:57:10+00:00,41.722879,-87.961729,215.1
2020-04-22 21:57:11+00:00,41.722883,-87.961767,215.0
2020-04-22 21:57:12+00:00,41.722888,-87.961803,214.9
2020-04-22 21:57:13+00:00,41.722893,-87.961858,214.7
2020-04-22 21:57:14+00:00,41.722894,-87.961879,214.7
2020-04-22 21:57:15+00:00,41.722896,-87.961923,214.6
2020-04-22 21:57:16+00:00,41.722898,-87.961966,214.5
2020-04-22 21:57:17+00:00,41.722899,-87.962004,214.4
2020-04-22 21:57:18+00:00,41.7229,-87.962047,214.3
2020-04-22 21:57:19+00:00,41.722898,-87.962094,214.2
2020-04-22 21:57:20+00:00,41.722895,-87.962138,214.1
2020-04-22 21:57:21+00:00,41.722892,-87.962176,214.1
2020-04-22 21:57:22+00:00,41.722889,-87.962215,214.0
2020-04-22 21:57:23+00:00,41.722885,-87.962256,213.9
2020-04-22 21:57:24+00:00,41.722883,-87.962297,213.8
2020-04-22 21:57:25+00:00,41.722881,-87.962341,213.8
2020-04-22 21:57:26+00:00,41.722878,-87.962384,213.7
2020-04-22 21:57:27+00:00,41.722877,-87.962427,213.7
2020-04-22 21:57:28+00:00,41.722877,-87.962472,213.6
2020-04-22 21:57:29+00:00,41.722876,-87.962518,213.6
2020-04-22 21:57:30+00:00,41.722876,-87.962563,213.6
2020-04-22 21:57:31+00:00,41.722876,-87.96261,213.5
2020-04-22 21:57:32+00:00,41.722875,-87.962652,213.5
2020-04-22 21:57:33+00:00,41.722874,-87.962693,213.5
2020-04-22 21:57:34+00:00,41.722872,-87.962737,213.5
2020-04-22 21:57:35+00:00,41.722869,-87.962777,213.5
2020-04-22 21:57:36+00:00,41.722866,-87.962822,213.5
2020-04-22 21:57:37+00:00,41.722864,-87.962868,213.5
2020-04-22 21:57:38+00:00,41.722861,-87.962911,213.5
2020-04-22 21:57:39+00:00,41.72286,-87.962957,213.5
2020-04-22 21:57:40+00:00,41.722856,-87.963002,213.5
2020-04-22 21:57:41+00:00,41.722851,-87.963046,213.5
2020-04-22 21:57:42+00:00,41.722847,-87.963088,213.5
2020-04-22 21:57:43+00:00,41.722843,-87.963132,213.5
2020-04-22 21:57:44+00:00,41.722842,-87.963172,213.5
2020-04-22 21:57:45+00:00,41.722846,-87.96321,213.5
2020-04-22 21:57:46+00:00,41.72285,-87.963251,213.5
2020-04-22 21:57:47+00:00,41.722854,-87.963291,213.5
2020-04-22 21:57:48+00:00,41.722854,-87.963327,213.5
2020-04-22 21:57:49+00:00,41.722852,-87.96337,213.5
2020-04-22 21:57:50+00:00,41.722851,-87.963416,213.5
2020-04-22 21:57:51+00:00,41.722849,-87.96346,213.5
2020-04-22 21:57:52+00:00,41.72285,-87.963503,213.5
2020-04-22 21:57:53+00:00,41.72285,-87.963544,213.5
2020-04-22 21:57:54+00:00,41.722851,-87.963581,213.5
2020-04-22 21:57:55+00:00,41.72285,-87.96362,213.6
2020-04-22 21:57:56+00:00,41.722851,-87.963661,213.6
2020-04-22 21:57:57+00:00,41.722853,-87.963717,213.6
2020-04-22 21:57:58+00:00,41.722853,-87.963737,213.6
2020-04-22 21:57:59+00:00,41.722853,-87.96378,213.6
2020-04-22 21:58:00+00:00,41.722852,-87.963824,213.6
2020-04-22 21:58:01+00:00,41.72285,-87.963868,213.7
2020-04-22 21:58:02+00:00,41.72285,-87.96391,213.7
2020-04-22 21:58:03+00:00,41.72285,-87.96395,213.7
2020-04-22 21:58:04+00:00,41.722849,-87.96399,213.7
2020-04-22 21:58:05+00:00,41.722851,-87.964032,213.7
2020-04-22 21:58:06+00:00,41.722852,-87.964073,213.8
2020-04-22 21:58:07+00:00,41.722853,-87.964115,213.8
2020-04-22 21:58:08+00:00,41.722852,-87.964161,213.8
2020-04-22 21:58:09+00:00,41.72285,-87.964204,213.8
2020-04-22 21:58:10+00:00,41.722848,-87.964246,213.8
2020-04-22 21:58:11+00:00,41.722849,-87.964288,213.8
2020-04-22 21:58:12+00:00,41.722852,-87.96433,213.8
2020-04-22 21:58:13+00:00,41.722856,-87.964372,213.9
2020-04-22 21:58:14+00:00,41.722859,-87.964408,213.9
2020-04-22 21:58:15+00:00,41.722862,-87.964445,213.9
2020-04-22 21:58:16+00:00,41.722877,-87.964493,213.9
2020-04-22 21:58:17+00:00,41.722885,-87.964508,213.9
2020-04-22 21:58:18+00:00,41.722908,-87.964538,214.0
2020-04-22 21:58:19+00:00,41.722928,-87.96457,214.0
2020-04-22 21:58:20+00:00,41.722941,-87.964606,214.0
2020-04-22 21:58:21+00:00,41.722946,-87.964646,214.1
2020-04-22 21:58:22+00:00,41.722946,-87.964689,214.1
2020-04-22 21:58:23+00:00,41.722943,-87.964732,214.2
2020-04-22 21:58:24+00:00,41.72294,-87.964772,214.2
2020-04-22 21:58:25+00:00,41.722938,-87.964812,214.3
2020-04-22 21:58:26+00:00,41.722936,-87.964849,214.3
2020-04-22 21:58:27+00:00,41.722934,-87.964889,214.4
2020-04-22 21:58:28+00:00,41.72293,-87.964932,214.4
2020-04-22 21:58:29+00:00,41.722925,-87.96497,214.4
2020-04-22 21:58:30+00:00,41.722921,-87.965012,214.5
2020-04-22 21:58:31+00:00,41.722918,-87.965054,214.5
2020-04-22 21:58:32+00:00,41.722915,-87.965091,214.5
2020-04-22 21:58:33+00:00,41.722914,-87.965133,214.6
2020-04-22 21:58:34+00:00,41.722911,-87.965177,214.6
2020-04-22 21:58:35+00:00,41.722909,-87.96522,214.6
2020-04-22 21:58:36+00:00,41.722907,-87.965261,214.7
2020-04-22 21:58:37+00:00,41.722905,-87.965298,214.7
2020-04-22 21:58:38+00:00,41.722902,-87.965336,214.7
2020-04-22 21:58:39+00:00,41.722901,-87.965374,214.8
2020-04-22 21:58:40+00:00,41.722899,-87.965412,214.8
2020-04-22 21:58:41+00:00,41.7229,-87.965452,214.8
2020-04-22 21:58:42+00:00,41.722901,-87.965493,214.8
2020-04-22 21:58:43+00:00,41.7229,-87.965538,214.9
2020-04-22 21:58:44+00:00,41.722901,-87.965579,214.9
2020-04-22 21:58:45+00:00,41.722902,-87.965617,214.9
2020-04-22 21:58:46+00:00,41.722903,-87.965656,214.9
2020-04-22 21:58:47+00:00,41.722905,-87.965696,214.9
2020-04-22 21:58:48+00:00,41.722909,-87.965734,214.9
2020-04-22 21:58:49+00:00,41.722912,-87.965776,214.9
2020-04-22 21:58:50+00:00,41.722914,-87.965818,214.9
2020-04-22 21:58:51+00:00,41.722915,-87.965858,214.9
2020-04-22 21:58:52+00:00,41.722914,-87.965894,214.9
2020-04-22 21:58:53+00:00,41.722913,-87.96595,214.8
2020-04-22 21:58:54+00:00,41.722913,-87.96597,214.8
2020-04-22 21:58:55+00:00,41.722913,-87.966011,214.8
2020-04-22 21:58:56+00:00,41.72291,-87.966052,214.8
2020-04-22 21:58:57+00:00,41.722907,-87.966097,214.8
2020-04-22 21:58:58+00:00,41.722904,-87.96614,214.7
2020-04-22 21:58:59+00:00,41.722899,-87.966181,214.7
2020-04-22 21:59:00+00:00,41.722894,-87.966225,214.7
2020-04-22 21:59:01+00:00,41.722889,-87.966272,214.6
2020-04-22 21:59:02+00:00,41.722886,-87.96632,214.6
2020-04-22 21:59:03+00:00,41.722884,-87.96636,214.5
2020-04-22 21:59:04+00:00,41.722881,-87.966399,214.5
2020-04-22 21:59:05+00:00,41.722879,-87.96644,214.5
2020-04-22 21:59:06+00:00,41.72288,-87.966481,214.4
2020-04-22 21:59:07+00:00,41.722882,-87.966521,214.4
2020-04-22 21:59:08+00:00,41.722884,-87.966562,214.4
2020-04-22 21:59:09+00:00,41.722884,-87.966604,214.4
2020-04-22 21:59:10+00:00,41.722882,-87.96665,214.3
2020-04-22 21:59:11+00:00,41.722879,-87.966699,214.3
2020-04-22 21:59:12+00:00,41.722877,-87.966746,214.3
2020-04-22 21:59:13+00:00,41.722877,-87.966788,214.3
2020-04-22 21:59:14+00:00,41.722876,-87.966829,214.3
2020-04-22 21:59:15+00:00,41.722874,-87.966871,214.2
2020-04-22 21:59:16+00:00,41.722873,-87.966916,214.2
2020-04-22 21:59:17+00:00,41.722873,-87.966966,214.2
2020-04-22 21:59:18+00:00,41.722873,-87.967013,214.1
2020-04-22 21:59:19+00:00,41.722872,-87.967061,214.1
2020-04-22 21:59:20+00:00,41.722871,-87.96711,214.1
2020-04-22 21:59:21+00:00,41.722873,-87.967151,214.0
2020-04-22 21:59:22+00:00,41.722875,-87.967191,214.0
2020-04-22 21:59:23+00:00,41.722877,-87.967238,214.0
2020-04-22 21:59:24+00:00,41.722878,-87.967281,213.9
2020-04-22 21:59:25+00:00,41.722878,-87.967321,213.9
2020-04-22 21:59:26+00:00,41.722877,-87.967365,213.8
2020-04-22 21:59:27+00:00,41.722874,-87.967407,213.8
2020-04-22 21:59:28+00:00,41.722872,-87.967445,213.8
2020-04-22 21:59:29+00:00,41.722872,-87.967482,213.8
2020-04-22 21:59:30+00:00,41.722876,-87.96751,213.9
2020-04-22 21:59:31+00:00,41.722885,-87.967526,213.9
2020-04-22 21:59:32+00:00,41.722925,-87.967542,214.0
2020-04-22 21:59:33+00:00,41.722941,-87.967545,214.0
2020-04-22 21:59:34+00:00,41.722975,-87.967539,214.1
2020-04-22 21:59:35+00:00,41.723013,-87.967532,214.2
2020-04-22 21:59:36+00:00,41.723053,-87.967523,214.3
2020-04-22 21:59:37+00:00,41.723089,-87.967514,214.4
2020-04-22 21:59:38+00:00,41.723124,-87.967505,214.4
2020-04-22 21:59:39+00:00,41.723156,-87.967499,214.5
2020-04-22 21:59:40+00:00,41.723188,-87.967498,214.5
2020-04-22 21:59:41+00:00,41.72322,-87.967501,214.6
2020-04-22 21:59:42+00:00,41.723249,-87.967503,214.6
2020-04-22 21:59:43+00:00,41.723278,-87.967505,214.7
2020-04-22 21:59:44+00:00,41.723316,-87.967507,214.7
2020-04-22 21:59:45+00:00,41.723353,-87.967507,214.8
2020-04-22 21:59:46+00:00,41.723383,-87.967508,214.9
2020-04-22 21:59:47+00:00,41.723414,-87.967511,215.0
2020-04-22 21:59:48+00:00,41.723443,-87.967515,215.0
2020-04-22 21:59:49+00:00,41.723474,-87.967522,215.1
2020-04-22 21:59:50+00:00,41.723503,-87.967527,215.2
2020-04-22 21:59:51+00:00,41.723536,-87.967532,215.2
2020-04-22 21:59:52+00:00,41.723575,-87.967533,215.3
2020-04-22 21:59:53+00:00,41.723612,-87.967531,215.3
2020-04-22 21:59:54+00:00,41.723651,-87.967532,215.3
2020-04-22 21:59:55+00:00,41.723686,-87.967533,215.3
2020-04-22 21:59:56+00:00,41.723716,-87.967539,215.3
2020-04-22 21:59:57+00:00,41.723743,-87.967547,215.3
2020-04-22 21:59:58+00:00,41.723773,-87.967556,215.2
2020-04-22 21:59:59+00:00,41.723803,-87.967562,215.2
2020-04-22 22:00:00+00:00,41.723831,-87.967564,215.2
2020-04-22 22:00:01+00:00,41.723862,-87.967567,215.1
2020-04-22 22:00:02+00:00,41.723895,-87.967573,215.0
2020-04-22 22:00:03+00:00,41.723927,-87.967583,215.0
2020-04-22 22:00:04+00:00,41.72396,-87.967595,214.9
2020-04-22 22:00:05+00:00,41.723993,-87.967605,214.8
2020-04-22 22:00:06+00:00,41.724029,-87.967617,214.7
2020-04-22 22:00:07+00:00,41.724064,-87.96763,214.6
2020-04-22 22:00:08+00:00,41.724096,-87.967643,214.6
2020-04-22 22:00:09+00:00,41.72413,-87.967651,214.5
2020-04-22 22:00:10+00:00,41.724163,-87.967656,214.4
2020-04-22 22:00:11+00:00,41.724196,-87.967665,214.3
2020-04-22 22:00:12+00:00,41.724233,-87.967677,214.2
2020-04-22 22:00:13+00:00,41.724265,-87.967684,214.1
2020-04-22 22:00:14+00:00,41.724299,-87.967686,214.1
2020-04-22 22:00:15+00:00,41.724338,-87.967688,214.0
2020-04-22 22:00:16+00:00,41.724377,-87.967692,213.9
2020-04-22 22:00:17+00:00,41.724407,-87.967702,213.8
2020-04-22 22:00:18+00:00,41.724439,-87.967719,213.7
2020-04-22 22:00:19+00:00,41.724448,-87.967724,213.7
2020-04-22 22:00:20+00:00,41.724475,-87.967736,213.6
2020-04-22 22:00:21+00:00,41.724485,-87.967741,213.6
2020-04-22 22:00:22+00:00,41.724514,-87.967751,213.5
2020-04-22 22:00:23+00:00,41.724548,-87.96776,213.4
2020-04-22 22:00:24+00:00,41.724584,-87.96777,213.3
2020-04-22 22:00:25+00:00,41.724619,-87.967781,213.2
2020-04-22 22:00:26+00:00,41.724653,-87.967793,213.0
2020-04-22 22:00:27+00:00,41.72469,-87.967804,212.9
2020-04-22 22:00:28+00:00,41.724727,-87.967815,212.8
2020-04-22 22:00:29+00:00,41.724767,-87.967825,212.7
2020-04-22 22:00:30+00:00,41.724805,-87.967833,212.5
2020-04-22 22:00:31+00:00,41.724836,-87.967841,212.4
2020-04-22 22:00:32+00:00,41.724871,-87.967848,212.3
2020-04-22 22:00:33+00:00,41.724909,-87.967854,212.2
2020-04-22 22:00:34+00:00,41.724949,-87.96786,212.1
2020-04-22 22:00:35+00:00,41.724991,-87.967863,212.0
2020-04-22 22:00:36+00:00,41.72503,-87.967866,211.8
2020-04-22 22:00:37+00:00,41.725066,-87.967871,211.8
2020-04-22 22:00:38+00:00,41.725103,-87.967875,211.7
2020-04-22 22:00:39+00:00,41.725136,-87.967878,211.6
2020-04-22 22:00:40+00:00,41.725169,-87.967882,211.5
2020-04-22 22:00:41+00:00,41.725201,-87.967884,211.4
2020-04-22 22:00:42+00:00,41.725236,-87.967884,211.4
2020-04-22 22:00:43+00:00,41.725273,-87.967884,211.3
2020-04-22 22:00:44+00:00,41.725311,-87.967883,211.2
2020-04-22 22:00:45+00:00,41.72535,-87.967886,211.2
2020-04-22 22:00:46+00:00,41.725391,-87.967891,211.1
2020-04-22 22:00:47+00:00,41.725427,-87.967895,211.0
2020-04-22 22:00:48+00:00,41.725462,-87.967899,210.9
2020-04-22 22:00:49+00:00,41.725496,-87.967905,210.9
2020-04-22 22:00:50+00:00,41.725528,-87.967916,210.8
2020-04-22 22:00:51+00:00,41.72556,-87.967937,210.6
2020-04-22 22:00:52+00:00,41.725586,-87.96797,210.5
2020-04-22 22:00:53+00:00,41.725604,-87.968012,210.4
2020-04-22 22:00:54+00:00,41.725611,-87.968064,210.2
2020-04-22 22:00:55+00:00,41.725606,-87.968116,210.1
2020-04-22 22:00:56+00:00,41.725591,-87.96816,209.9
2020-04-22 22:00:57+00:00,41.725567,-87.968198,209.8
2020-04-22 22:00:58+00:00,41.725532,-87.968234,209.6
2020-04-22 22:00:59+00:00,41.725494,-87.968261,209.4
2020-04-22 22:01:00+00:00,41.725454,-87.968281,209.2
2020-04-22 22:01:01+00:00,41.725419,-87.968297,209.1
2020-04-22 22:01:02+00:00,41.725384,-87.968312,208.9
2020-04-22 22:01:03+00:00,41.725348,-87.968327,208.8
2020-04-22 22:01:04+00:00,41.725314,-87.96834,208.7
2020-04-22 22:01:05+00:00,41.72528,-87.968351,208.6
2020-04-22 22:01:06+00:00,41.725246,-87.968362,208.5
2020-04-22 22:01:07+00:00,41.725214,-87.968369,208.4
2020-04-22 22:01:08+00:00,41.725186,-87.968377,208.3
2020-04-22 22:01:09+00:00,41.725157,-87.968392,208.2
2020-04-22 22:01:10+00:00,41.725128,-87.968416,208.1
2020-04-22 22:01:11+00:00,41.725099,-87.96845,208.0
2020-04-22 22:01:12+00:00,41.725075,-87.968484,207.9
2020-04-22 22:01:13+00:00,41.725057,-87.968518,207.9
2020-04-22 22:01:14+00:00,41.725044,-87.968553,207.8
2020-04-22 22:01:15+00:00,41.725031,-87.968592,207.7
2020-04-22 22:01:16+00:00,41.725021,-87.968638,207.6
2020-04-22 22:01:17+00:00,41.725013,-87.968684,207.5
2020-04-22 22:01:18+00:00,41.725006,-87.968733,207.4
2020-04-22 22:01:19+00:00,41.725,-87.96878,207.3
2020-04-22 22:01:20+00:00,41.724997,-87.968829,207.2
2020-04-22 22:01:21+00:00,41.724995,-87.968874,207.1
2020-04-22 22:01:22+00:00,41.724995,-87.968919,207.1
2020-04-22 22:01:23+00:00,41.724993,-87.968966,207.0
2020-04-22 22:01:24+00:00,41.724985,-87.969007,206.9
2020-04-22 22:01:25+00:00,41.724975,-87.969043,206.8
2020-04-22 22:01:26+00:00,41.724964,-87.969077,206.7
2020-04-22 22:01:27+00:00,41.724952,-87.969131,206.6
2020-04-22 22:01:28+00:00,41.724947,-87.969151,206.5
2020-04-22 22:01:29+00:00,41.724938,-87.969197,206.4
2020-04-22 22:01:30+00:00,41.724929,-87.969241,206.3
2020-04-22 22:01:31+00:00,41.724921,-87.969284,206.2
2020-04-22 22:01:32+00:00,41.724913,-87.969329,206.0
2020-04-22 22:01:33+00:00,41.724903,-87.969374,205.9
2020-04-22 22:01:34+00:00,41.724893,-87.96942,205.7
2020-04-22 22:01:35+00:00,41.724884,-87.969466,205.6
2020-04-22 22:01:36+00:00,41.724874,-87.969509,205.5
2020-04-22 22:01:37+00:00,41.724866,-87.969553,205.3
2020-04-22 22:01:38+00:00,41.724857,-87.969597,205.2
2020-04-22 22:01:39+00:00,41.724847,-87.969642,205.1
2020-04-22 22:01:40+00:00,41.724838,-87.969686,205.0
2020-04-22 22:01:41+00:00,41.724831,-87.96973,204.9
2020-04-22 22:01:42+00:00,41.724821,-87.969768,204.8
2020-04-22 22:01:43+00:00,41.724809,-87.969804,204.8
2020-04-22 22:01:44+00:00,41.724795,-87.969843,204.7
2020-04-22 22:01:45+00:00,41.724778,-87.969885,204.7
2020-04-22 22:01:46+00:00,41.724761,-87.969929,204.6
2020-04-22 22:01:47+00:00,41.724743,-87.969968,204.6
2020-04-22 22:01:48+00:00,41.724724,-87.970004,204.5
2020-04-22 22:01:49+00:00,41.724705,-87.970039,204.5
2020-04-22 22:01:50+00:00,41.724681,-87.970073,204.4
2020-04-22 22:01:51+00:00,41.724656,-87.970103,204.4
2020-04-22 22:01:52+00:00,41.724633,-87.970128,204.4
2020-04-22 22:01:53+00:00,41.724612,-87.970155,204.3
2020-04-22 22:01:54+00:00,41.724589,-87.970183,204.3
2020-04-22 22:01:55+00:00,41.724564,-87.970209,204.3
2020-04-22 22:01:56+00:00,41.72454,-87.970235,204.3
2020-04-22 22:01:57+00:00,41.724517,-87.970259,204.2
2020-04-22 22:01:58+00:00,41.724493,-87.97028,204.2
2020-04-22 22:01:59+00:00,41.724467,-87.970298,204.2
2020-04-22 22:02:00+00:00,41.724432,-87.970313,204.1
2020-04-22 22:02:01+00:00,41.724418,-87.970316,204.1
2020-04-22 22:02:02+00:00,41.724386,-87.970322,204.1
2020-04-22 22:02:03+00:00,41.724353,-87.970326,204.1
2020-04-22 22:02:04+00:00,41.724322,-87.970328,204.0
2020-04-22 22:02:05+00:00,41.724292,-87.970326,204.0
2020-04-22 22:02:06+00:00,41.724253,-87.970323,204.0
2020-04-22 22:02:07+00:00,41.724238,-87.970323,203.9
2020-04-22 22:02:08+00:00,41.724205,-87.970328,203.9
2020-04-22 22:02:09+00:00,41.724175,-87.970336,203.9
2020-04-22 22:02:10+00:00,41.724146,-87.970344,203.8
2020-04-22 22:02:11+00:00,41.724116,-87.970351,203.8
2020-04-22 22:02:12+00:00,41.724082,-87.970356,203.7
2020-04-22 22:02:14+00:00,41.724046,-87.970364,203.7
2020-04-22 22:02:15+00:00,41.724017,-87.970373,203.6
2020-04-22 22:02:16+00:00,41.723988,-87.970382,203.6
2020-04-22 22:02:17+00:00,41.723957,-87.970393,203.5
2020-04-22 22:02:18+00:00,41.723922,-87.970406,203.4
2020-04-22 22:02:19+00:00,41.723885,-87.970423,203.4
2020-04-22 22:02:20+00:00,41.723848,-87.970442,203.3
2020-04-22 22:02:21+00:00,41.723817,-87.970457,203.3
2020-04-22 22:02:22+00:00,41.723789,-87.970473,203.3
2020-04-22 22:02:23+00:00,41.723759,-87.970493,203.2
2020-04-22 22:02:24+00:00,41.723728,-87.970513,203.2
2020-04-22 22:02:25+00:00,41.7237,-87.970529,203.2
2020-04-22 22:02:26+00:00,41.723671,-87.970544,203.2
2020-04-22 22:02:27+00:00,41.723637,-87.970562,203.2
2020-04-22 22:02:28+00:00,41.723603,-87.970582,203.2
2020-04-22 22:02:29+00:00,41.72357,-87.970605,203.2
2020-04-22 22:02:30+00:00,41.723538,-87.970625,203.2
2020-04-22 22:02:31+00:00,41.723506,-87.970648,203.2
2020-04-22 22:02:32+00:00,41.723477,-87.970675,203.2
2020-04-22 22:02:33+00:00,41.723457,-87.970709,203.2
2020-04-22 22:02:34+00:00,41.723447,-87.970753,203.1
2020-04-22 22:02:35+00:00,41.723455,-87.970796,203.1
2020-04-22 22:02:36+00:00,41.72348,-87.970833,203.1
2020-04-22 22:02:37+00:00,41.723517,-87.97086,203.1
2020-04-22 22:02:38+00:00,41.723558,-87.970881,203.1
2020-04-22 22:02:39+00:00,41.723597,-87.970897,203.1
2020-04-22 22:02:40+00:00,41.723636,-87.97091,203.1
2020-04-22 22:02:41+00:00,41.723671,-87.970923,203.1
2020-04-22 22:02:42+00:00,41.723705,-87.970936,203.0
2020-04-22 22:02:43+00:00,41.723739,-87.97095,203.0
2020-04-22 22:02:44+00:00,41.723772,-87.97097,203.0
2020-04-22 22:02:45+00:00,41.723797,-87.970997,203.0
2020-04-22 22:02:46+00:00,41.723811,-87.971033,202.9
2020-04-22 22:02:47+00:00,41.723811,-87.971076,202.9
2020-04-22 22:02:48+00:00,41.723802,-87.971119,202.9
2020-04-22 22:02:49+00:00,41.72379,-87.971161,202.9
2020-04-22 22:02:50+00:00,41.723778,-87.971202,202.9
2020-04-22 22:02:51+00:00,41.723765,-87.971245,202.9
2020-04-22 22:02:52+00:00,41.723755,-87.971294,202.9
2020-04-22 22:02:53+00:00,41.723753,-87.971345,202.9
2020-04-22 22:02:54+00:00,41.723757,-87.97139,202.9
2020-04-22 22:02:55+00:00,41.723767,-87.971431,202.9
2020-04-22 22:02:56+00:00,41.723779,-87.971473,202.9
2020-04-22 22:02:57+00:00,41.723793,-87.971509,203.0
2020-04-22 22:02:58+00:00,41.723805,-87.97156,203.0
2020-04-22 22:02:59+00:00,41.723808,-87.971579,203.0
2020-04-22 22:03:00+00:00,41.723809,-87.971618,203.1
2020-04-22 22:03:01+00:00,41.723809,-87.971655,203.1
2020-04-22 22:03:02+00:00,41.723808,-87.971692,203.1
2020-04-22 22:03:03+00:00,41.723807,-87.971746,203.2
2020-04-22 22:03:04+00:00,41.723807,-87.971765,203.2
2020-04-22 22:03:05+00:00,41.723806,-87.971808,203.3
2020-04-22 22:03:06+00:00,41.723806,-87.971845,203.3
2020-04-22 22:03:07+00:00,41.723809,-87.971883,203.3
2020-04-22 22:03:08+00:00,41.723814,-87.971929,203.4
2020-04-22 22:03:09+00:00,41.723818,-87.971973,203.4
2020-04-22 22:03:10+00:00,41.723824,-87.972017,203.5
2020-04-22 22:03:11+00:00,41.723833,-87.97206,203.5
2020-04-22 22:03:12+00:00,41.723844,-87.972101,203.6
2020-04-22 22:03:13+00:00,41.723854,-87.972144,203.7
2020-04-22 22:03:14+00:00,41.72386,-87.972179,203.7
2020-04-22 22:03:15+00:00,41.723868,-87.972226,203.8
2020-04-22 22:03:16+00:00,41.723869,-87.972242,203.8
2020-04-22 22:03:17+00:00,41.723875,-87.972281,203.9
2020-04-22 22:03:18+00:00,41.723884,-87.972323,204.0
2020-04-22 22:03:19+00:00,41.723894,-87.972358,204.1
2020-04-22 22:03:20+00:00,41.723903,-87.972392,204.2
2020-04-22 22:03:21+00:00,41.723916,-87.97244,204.4
2020-04-22 22:03:22+00:00,41.723929,-87.97249,204.6
2020-04-22 22:03:23+00:00,41.72394,-87.972538,204.8
2020-04-22 22:03:24+00:00,41.723949,-87.972585,205.0
2020-04-22 22:03:25+00:00,41.723959,-87.972628,205.1
2020-04-22 22:03:26+00:00,41.723967,-87.972664,205.3
2020-04-22 22:03:27+00:00,41.723977,-87.972701,205.4
2020-04-22 22:03:28+00:00,41.72399,-87.972741,205.6
2020-04-22 22:03:29+00:00,41.724001,-87.972781,205.8
2020-04-22 22:03:30+00:00,41.724011,-87.972824,206.0
2020-04-22 22:03:31+00:00,41.72402,-87.97287,206.2
2020-04-22 22:03:32+00:00,41.724028,-87.972913,206.4
2020-04-22 22:03:33+00:00,41.724036,-87.972954,206.5
2020-04-22 22:03:34+00:00,41.724042,-87.97299,206.6
2020-04-22 22:03:35+00:00,41.724045,-87.973027,206.7
2020-04-22 22:03:36+00:00,41.724046,-87.973067,206.8
2020-04-22 22:03:37+00:00,41.724042,-87.973145,206.8
2020-04-22 22:03:38+00:00,41.724036,-87.973184,206.8
2020-04-22 22:03:39+00:00,41.72403,-87.973224,206.8
2020-04-22 22:03:40+00:00,41.724021,-87.973264,206.8
2020-04-22 22:03:41+00:00,41.724013,-87.973308,206.7
2020-04-22 22:03:42+00:00,41.724006,-87.973357,206.6
2020-04-22 22:03:43+00:00,41.723998,-87.973407,206.4
2020-04-22 22:03:44+00:00,41.723991,-87.97345,206.3
2020-04-22 22:03:45+00:00,41.723983,-87.973492,206.2
2020-04-22 22:03:46+00:00,41.723972,-87.973535,206.1
2020-04-22 22:03:47+00:00,41.723963,-87.973575,205.9
2020-04-22 22:03:48+00:00,41.723957,-87.973616,205.8
2020-04-22 22:03:49+00:00,41.723958,-87.973673,205.7
2020-04-22 22:03:50+00:00,41.723967,-87.973739,205.5
2020-04-22 22:03:51+00:00,41.723982,-87.973801,205.5
2020-04-22 22:03:52+00:00,41.724002,-87.973844,205.4
2020-04-22 22:03:53+00:00,41.724025,-87.973876,205.3
2020-04-22 22:03:54+00:00,41.724054,-87.973906,205.3
2020-04-22 22:03:55+00:00,41.724085,-87.973932,205.3
2020-04-22 22:03:56+00:00,41.724115,-87.973957,205.2
2020-04-22 22:03:57+00:00,41.724146,-87.973982,205.2
2020-04-22 22:03:58+00:00,41.724177,-87.974009,205.1
2020-04-22 22:03:59+00:00,41.724205,-87.974037,205.1
2020-04-22 22:04:00+00:00,41.724234,-87.974066,205.0
2020-04-22 22:04:01+00:00,41.724263,-87.974094,205.0
2020-04-22 22:04:02+00:00,41.724291,-87.974122,204.9
2020-04-22 22:04:03+00:00,41.724318,-87.97415,204.9
2020-04-22 22:04:04+00:00,41.724343,-87.97418,204.8
2020-04-22 22:04:05+00:00,41.724364,-87.97421,204.8
2020-04-22 22:04:06+00:00,41.724386,-87.974238,204.7
2020-04-22 22:04:07+00:00,41.72441,-87.974267,204.7
2020-04-22 22:04:08+00:00,41.724438,-87.974294,204.6
2020-04-22 22:04:09+00:00,41.724465,-87.974317,204.6
2020-04-22 22:04:10+00:00,41.724495,-87.974327,204.6
2020-04-22 22:04:11+00:00,41.724528,-87.97432,204.5
2020-04-22 22:04:12+00:00,41.724559,-87.974294,204.5
2020-04-22 22:04:13+00:00,41.724587,-87.974257,204.4
2020-04-22 22:04:14+00:00,41.724612,-87.974214,204.8
2020-04-22 22:04:15+00:00,41.724636,-87.974174,205.0
2020-04-22 22:04:16+00:00,41.724661,-87.974137,205.2
2020-04-22 22:04:17+00:00,41.724684,-87.974102,205.5
2020-04-22 22:04:18+00:00,41.724708,-87.974074,205.7
2020-04-22 22:04:19+00:00,41.724733,-87.974052,205.8
2020-04-22 22:04:20+00:00,41.724761,-87.97403,206.0
2020-04-22 22:04:21+00:00,41.724794,-87.974004,206.3
2020-04-22 22:04:22+00:00,41.724829,-87.973971,206.5
2020-04-22 22:04:23+00:00,41.724856,-87.973935,206.7
2020-04-22 22:04:24+00:00,41.724875,-87.973897,206.9
2020-04-22 22:04:25+00:00,41.724888,-87.973856,207.1
2020-04-22 22:04:27+00:00,41.724892,-87.973808,207.3
2020-04-22 22:04:28+00:00,41.724893,-87.97376,207.3
2020-04-22 22:04:29+00:00,41.724893,-87.973714,207.4
2020-04-22 22:04:30+00:00,41.724895,-87.973672,207.5
2020-04-22 22:04:31+00:00,41.724898,-87.973632,207.5
2020-04-22 22:04:32+00:00,41.724902,-87.973589,207.6
2020-04-22 22:04:33+00:00,41.724901,-87.973544,207.7
2020-04-22 22:04:34+00:00,41.724893,-87.9735,207.7
2020-04-22 22:04:35+00:00,41.724878,-87.973457,207.7
2020-04-22 22:04:36+00:00,41.72486,-87.973417,207.7
2020-04-22 22:04:37+00:00,41.724839,-87.97338,207.7
2020-04-22 22:04:38+00:00,41.724818,-87.973338,207.8
2020-04-22 22:04:39+00:00,41.724798,-87.973289,207.8
2020-04-22 22:04:40+00:00,41.724779,-87.973245,207.7
2020-04-22 22:04:41+00:00,41.72476,-87.973209,207.6
2020-04-22 22:04:42+00:00,41.724737,-87.973174,207.5
2020-04-22 22:04:43+00:00,41.72471,-87.973142,207.4
2020-04-22 22:04:44+00:00,41.724678,-87.973113,207.3
2020-04-22 22:04:45+00:00,41.724645,-87.97309,207.3
2020-04-22 22:04:46+00:00,41.724611,-87.973074,207.2
2020-04-22 22:04:47+00:00,41.724577,-87.973068,207.1
2020-04-22 22:04:48+00:00,41.724544,-87.973068,207.0
2020-04-22 22:04:49+00:00,41.72451,-87.973069,207.0
2020-04-22 22:04:50+00:00,41.724475,-87.973074,206.8
2020-04-22 22:04:51+00:00,41.724441,-87.973085,206.7
2020-04-22 22:04:52+00:00,41.724413,-87.973113,206.7
2020-04-22 22:04:53+00:00,41.72439,-87.973151,206.6
2020-04-22 22:04:54+00:00,41.724374,-87.973194,206.6
2020-04-22 22:04:55+00:00,41.724361,-87.973241,206.5
2020-04-22 22:04:56+00:00,41.724349,-87.973288,206.5
2020-04-22 22:04:57+00:00,41.724339,-87.973328,206.4
2020-04-22 22:04:58+00:00,41.724326,-87.973369,206.3
2020-04-22 22:04:59+00:00,41.724322,-87.973379,206.3
